dn	ch_id																
श' देखि 'ज्ञ' सम्म	1SF01.06																
अ देखि अ: सम्म (स्वर वर्ण)	1SF02.00																
क देखि ञ सम्मका शब्दहरू	1SF02.00																
अ देखि ऊ सम्मका शब्दहरू	1SF03.00																
पूरा र आधा	1SF04.00																
ऋ देखि अः सम्मका शब्दहरू	1SF04.00																
जनावर र बिरुवाहरू	1SF05.00																
१वि हाम्रो बजार	1SF06.00																
Ka lekhne kasari?	1SF06.00																
क देखि ज्ञ सम्म (व्यञ्जन वर्ण)	1SF06.00																
क का कि की	1SF06.00																
कर्म र प्रभा	1SF06.00																
Ra ra kha	1SF07.00																
 'ट' देखि 'न' सम्म	1SF08.00																
हाम्रो खानेकुरा	1SF09.00																
 प' देखि 'व' सम्म	1SF09.00																
सँगै मन्दिर जाऔँ	1SF09.00																
Gha ra Dha	1SF09.00																
२ने चन्द्र र बिन्दु	2SF01.00																
Draw and Learn Nepali Alphabet	1N01																
Draw and Learn Nepali Alphabet	1N02																
Draw and Learn Nepali Alphabet	1N03																
Draw and Learn Nepali Alphabet	1N04 																
क बाट कछुवा	1N01																
क बाट कछुवा	1N02																
क बाट कछुवा	1N03																
क बाट कछुवा	1N04 																
१ने छुकछुके रेल	1N01																
१ने मेरो घर आँगन	1N02																
१ने शब्द र चित्	1N04																
१ने क-ङ चिन	1N05																
The Nepali alphabet	1N07																
The Nepali alphabet	1N08																
The Nepali alphabet	1N09																
The Nepali alphabet	1N10 																
The Nepali alphabet	1N06																
The Nepali alphabet	1N07																
The Nepali alphabet	1N08																
The Nepali alphabet	1N09																
The Nepali alphabet	1N10 																
Learn Devanagari 	1N06																
Learn Devanagari 	1N07																
१ने शब्द बनाऔँ	1N06																
Learn Devanagari Vowels	1N08																
Learn Devanagari Vowels	1N09																
Learn Devanagari Vowels	1N10																
१ने त-न चिन	1N09																
१ने य-व चिन	1N09																
Sitako Bhakundo 	2N01																
Circle	1M02																
3EN Numbers 1 - 1000	1M03																
3EN Numbers 1 - 1000	1M09																
1M Circle	1M03																
Equal Greater Less	1M16																
2M Sets	2M09.01																
3M02.02 Lesson 3 Comparison of Numbers	3M02.02																
3M Volume	3M04.02																
3M Volume	3M07.02																
3M28 Bill and Budget	3M07.01																
Family Tree 2	1EN02.25																
Family Tree 2	1EN02.23																
Family Tree 2	1EN02.27																
H' spoken word game'	1EN02.30																
Short 'i' words	1EN02.36																
Short 'i' words (concentration)	1EN02.36																
Short 'i' words 2	1EN02.36																
Short 'o' words 2	1EN02.47																
3EN Pronouns	3EN06.25																
1EN Lines and Curves	1M01																
Counting 1 to 10	1M03																
Count numbers 1 to 5	1M03																
1EN Numbers 1 - 10	1M03																
1M Numbers from 1 to 5	1M03																
1EN Recognizing and Matching Shapes	1M04																
1EN Recognizing and Matching Shapes	1M05																
1M One to Twenty	1M04																
1M Basic Subtraction	1M08																
1EN Numbers 1- 10	1M09																
2M Counting On	1M10																
2M Adding Small Numbers	1M10																
The Number 10	1M12																
Adding to 10	1M13																
The Ordinal Numbers Race	1M17																
2EN Numbers of Things	2M03.01																
3M03-04 Triangle and Quadrilateral	3M04.02																
3M06 Numbers of Five Digits	3M05.01																
3M09 Six Digit Numbers	3M05.01																
3M05 & 3M08 Four Digits	3M05.01																
3M25 Bar Graph	3M07.05																
१वि हाम्रो पहिरन	1SF01.00																
१वि आवाज	1SF02.00																
बार महिना र मौसम	1SF02.00																
शरीरका अङ्गहरू र सरसफाइ	1SF02.00																
१वि नियमको पालना	1SF03.00																
१वि विद्यालयको चिनारी	1SF04.00																
१वि प्रकोपबाट बचौँ	1SF04.00																
क्रिया	1SF04.00																
१वि सजीव र निर्जीव	1SF05.00																
१वि हामी वरपरका वस्तु	1SF06.00																
१वि वस्तुका गुणहरू	1SF06.00																
१वि सरसफाइ	1SF06.00																
१वि हाम्रो चाडपर्व	1SF08.00																
१वि यातायातका साधनहरू	1SF09.00																
१वि कुराकानी र जानकारी	1SF09.00																
१वि पानी	1SF010.00																
२वि राम्रो बानी	2SF01.00																
२वि वस्तुका गुणहरू	2SF01.00																
२वि हाम्रो काम	2SF01.00																
२वि हाम्रा उपकरण	2SF01.00																
२वि रोग	2SF01.00																
२वि विधुत	2SF02.00																
२वि चुम्बक	2SF02.00																
२वि प्राथमिक उपचार	2SF04.00																
२वि हाम्रो सुरक्षा	2SF04.00																
हाम्रो राष्	2SF06.00																
२वि हाम्रो सार्वजनिक सम्पत्ति	2SF06.00																
"२वि हावा ,पानी र माटो"	2SF06.00																
हाम्रो वातावरण	2SF06.00																
२वि आम्दानी र खर्च	2SF09.00																
सञ्	2SF09.00																
३वि मेरो भूमिका	3SF01.00																
३वि आकार र आकृती	3SF01.00																
३वि धूमपान र मध्यपान	3SF03.00																
३वि हाम्रो अधिकार	3SF03.00																
३वि मेरो एक दिन	3SF03.00																
३वि विभिन्न प्रकारका पदार्थहरू	3SF03.00																
३वि खाद्य श्रृङ्खला	3SF05.00																
३वि कुहिने र नकुहिने फोहोर	3SF06.00																
३वि वातावरण प्रदूषण	3SF06.00																
३वि माटो	3SF07.00																
३वि बचत गरौँ	3SF09.00																
३वि पानीको संरक्षण	3SF10.00																
३वि मौसम	3SF10.00																
Samir is Hungry	3EN02.09																
Samir is Hungry (Nepali)	3EN02.09																
Nepali Sign Language (DN missing)	1EN02.00																