Short 'i' words+A179:C209	1EN02.36					
Short 'i' words (concentration)	1EN02.36					
Short 'i' words 2	1EN02.36					
1EN Lines and Curves	1M01					
1M Circle	1M03					
1M Numbers from 1 to 5	1M03					
Count numbers 1 to 5	1M03					
Counting 1 to 10	1M03					
1EN Recognizing and Matching Shapes	1M04					
1M One to Twenty	1M04					
1EN Recognizing and Matching Shapes	1M05					
1M Basic Subtraction	1M08					
2M Adding Small Numbers	1M10					
2M Counting On	1M10					
The Number 10	1M12					
Adding to 10	1M13					
Equal Greater Less	1M16					
The Nepali alphabet	1N06					
The Nepali alphabet	1N07					
The Nepali alphabet	1N08					
१ने त-न चिन	1N09					
१ने य-व चिन	1N09					
The Nepali alphabet	1N09					
The Nepali alphabet	1N10					
1EN Simple Greetings	2EN01.00	3EN01.00				
2EN Numbers of Things	2M03.01					
2M Sets	2M09.01					
Sitako Bhakundo	2N01					
Samir is Hungry	3EN02.04					
Samir is Hungry (Nepali)	3EN02.04					
3EN Pronouns	3EN06.25					
3M02.02 Lesson 3 Comparison of Numbers	3M02.02					
3M Volume	3M04.02					
3M03-04 Triangle and Quadrilateral	3M04.02					
3M05 & 3M08 Four Digits	3M05.01					
3M06 Numbers of Five Digits	3M05.01					
3M09 Six Digit Numbers	3M05.01					
3M28 Bill and Budget	3M07.01					
3M Volume	3M07.02					
3M25 Bar Graph	3M07.05					
Selling Sugarcane	4EN03	6EN02	6EN04	6EN10		
Using Phone and Driving	4EN03					
लक्ष्मी प्रसाद देवकोटाको छोटो जीवनी	4EN03	6EN02				
Temple Renovation	4EN04	6EN12				
Yarsagumba	4EN11	6EN10				
Zebra Crossing	4EN12					
सडक दुर्घटनाबाट सुरक्षित हुने उपायहरू	4EN12					
आधुनिक कृषि यन्त्र	5EN05					
Handmade broom	5H03					
How to make a To-do List	5H05					
Mountain Climbing Nepal	5H05					
Overhead Pedestrian Bridge	5H05					
Importance of a Latrine	5H06					
Interjections in English	5M12					
Making Jaggery Using Sugarcane	5N01					
Election of Nepal	5N02					
Traffic Light	5S03	5SS01.04				
Lantern	5SS01.02	5SS05.04				
Jaywalking	5SS01.04					
Likes and Dislikes	5SS01.04	5SS06.05				
Seatbelt Before Driving	5SS02.01					
Curd	5SS02.05					
Alpine Plains	5SS03.01					
Common Adverbs of Frequency	5SS03.01					
Tunnel Farming	5SS03.01					
Demonstrative Pronouns	5SS03.04					
Paanch Aaule	5SS03.04					
Phrasal Verbs	5SS03.04					
Rainbow Trout Fish	5SS03.04					
Rectangle area problem	5SS03.04					
Promoting Tourism	5SS03.05					
Cold Climate	5SS05.04					
Guthi House	5SS05.04					
Carpet	5SS06.01					
Architect	5SS06.03	5SS06.04				
Application Letter	5SS06.05					
Classroom Rules	5SS06.05					
Crops Destroyed Due to Storm	5SS06.05					
Deciduous Forest	5SS06.05	5SS02.02				
Types of sentences	5SS07.01					
Fighting Fire	5SS07.02					
3 Layers of Earth	5SS07.03					
Coordinating Conjunctions	5SS07.03					
Safety Measures Against Drowning	5SS07.04					
Adverbs of Frequency	5SS07.05					
Present Continuous Tense	5SS07.05					
Satellite In Space	5SS07.05	5SS03.05				
Imperative Sentences	5SS07.06					
Sunkoshi and Tama Koshi River	6EN02	6EN10				
Tea Garden of Ilam	6EN03					
दिशा पहिचान गर्ने प्रक्रिया	6EN03	6EN05				
कक्षा ५ सुनाइ पाठ १	6EN04	6EN07				
Seti Gorge	6EN06					
कक्षा ५ सुनाइ पाठ १२	6EN07	6EN11				
ट्राफिक संकेतहरू	6EN07					
Selling Vegetables	6EN10					
खाना र यसको पोषक तत्त्व संरक्षण गर्ने ४ सरल तरिकाहरू	6EN10					
संयुक्त र एकल परिवार	6EN11					
अनलाइन व्यापार	6EN14					
Gurukul	6EN15					
Selling Ginger	6EN15					
Studying With Friends	6EN17					
Thekuwa	6EN18					