Graphing Quadratics	PhET	10M07				
Curve Fitting	PhET	10S01				
Gravity Force Lab	PhET	10S07				
Under Pressure	PhET	10S08				
Bending Light	PhET	10S10				
Blackbody Spectrum	PhET	10S10				
Faraday's Law	PhET	10S11				
Circuit Construction Kit AC	PhET	10S11				
CC Kit AC Virtual Lab	PhET	10S11				
Faradays Electromagnetic Lab	PhET	10S11				
Generator	PhET	10S11				
Magnet and Compass	PhET	10S11				
Magnets and Electromagnets	PhET	10S11				
Gravity and Orbits	PhET	10S12				
My Solar System	PhET	10S12				
Build an Atom	PhET	10S14				
Isotopes & Atomic Mass	PhET	10S14				
Diffusion	PhET	10S16				
Gene Expression	PhET	10S04				
Gravity Force Lab Basics	PhET	10S07				
Fractions Intro	PhET	3M07				
Quadrilateral	PhET	3M11				
Make a Ten	PhET	3M14				
Balancing Act	PhET	3S20				
Area Model Multiplication	PhET	4M05				
Arithmetic	PhET	4M05				
Build a Fraction	PhET	4M06				
Fraction Matcher	PhET	4M06				
Fractions Equality	PhET	4M06				
Fractions Mixed	PhET	4M06				
Area Model Multiplication	PhET	4M12				
Area Builder	PhET	5M12				
Unit Rates	PhET	5M13				
Equality Explorer Basics	PhET	5M15				
Equality Explorer	PhET	5M15				
Expression Exchange	PhET	5M15				
States of Matter	PhET	5S06				
Area Model Decimals	PhET	6M05				
Area Model Algebra	PhET	6M12				
Area Model Introduction	PhET	6M12				
Equality Explorer 2X	PhET	6M12				
Hooke's Law	PhET	6S06.02				
Masses and Springs Basics	PhET	6S06.02				
Masses and Springs	PhET	6S06.02				
Molarity	PhET	6S06.02				
Molecules and Light	PhET	6S07.03				
Proportion Playground	PhET	7M06				
Ratio & Proportion	PhET	7M06				
Projectile Motion	PhET	7S06				
Waves Intro	PhET	7S07				
Sound Waves	PhET	7S07				
John Travoltage	PhET	7S08				
Static Electricity	PhET	7S08				
States of Matter Basics	PhET	7S09				
Density	PhET	7S09				
Buoyancy	PhET	7S09				
pH Scale	PhET	7S10				
pH Scale Basics	PhET	7S10				
Graphing Intercept	PhET	8M12				
Graphing Slope Intercept	PhET	8M12				
Energy Forms and Changes	PhET	8S07				
Greenhouse Effect	PhET	8S07				
Beer's Law Lab	PhET	8S09				
Concentration	PhET	8S09				
Rutherford Scattering	PhET	8S09				
Build a Nucleus	PhET	8S09				
Graphing Lines	PhET	9M11				
Least Squares Regression	PhET	9M11				
Plinko Probability	PhET	9M19				
Trig Tour	PhET	9M20				
Energy Skate Park Basics	PhET	9S07				
Forces and Motion Basics	PhET	9S07				
Friction	PhET	9S07				
Color Vision	PhET	9S10				
Pendulum Lab	PhET	9S10				
Wave on a String	PhET	9S10				
Circuit Construction Kit DC	PhET	9S11				
Circuit Kit DC Virtual Lab	PhET	9S11				
Ohm's Law	PhET	9S11				
Resistance in a Wire	PhET	9S11				
Atomic Interactions	PhET	9S14				
Friction	PhET	9S14				
Molecule Shapes	PhET	9S14				
Molecule Shapes Basics	PhET	9S14				
Build A Molecule	PhET	9S14				
Acid Base Solutions	PhET	9S15				
Balance Chemical Equations	PhET	9S15				
Reactants Results	PhET	9S15				
Gas Properties	PhET	9S16				
Gases Intro	PhET	9S16				