How_To_Host_Your_Local_Spelling_Bee.mp4,I_4ZMtmAAQ4
The_Tragic_Myth_of_Orpheus_and_Eurydice.mp4,RhaepLsP5eg
The_Myth_Of_Prometheus.mp4,U_u91SjrEOE
Little_Miss_Muffet.mp4,wYL1PfDIT80
School_Supplies_Song.mp4,41cJ0mqWses
Adverbs_For_Comparison_English_Grade_3_4_Tutway.mp4,9k3g7Sx6LH0
The_ABCs_of_Coronavirus.mp4,V4Yhv0HJb7A
How_Many_Verb_Tenses_Are_There_In_English.mp4,54prMaPn5Ls
Introduction_To_Singular_And_Plural_Nouns_Grammar_Khan_Academy.mp4,ETzngG8N3AU
English_Prepositions_In_Inside_Into_Within.mp4,liqnFi138QI
Prepositions_Taught_by_Cute_Animals.mp4,TrE1Ng_TqhM
Stative_Verbs_Action_Verbs_and_Verbs_that_can_be_both.mp4,ue9bGxkpAUs
Contractions_Grammar_For_Kids_English_For_Kids_Kids_Learning_Videos .mp4,CZkqSVb_FOg
Contractions_English_Grammar_Practice_Scratch_Garden.mp4,gubPH3WEurg
Does grammar matter.mp4,Wn_eBrIDUuc
Relative_Clauses_Syntax_Khan_Academy.mp4,fm7QEiEk83o
How_To_Manage_Your_Time_More_Effectively_According_To_Machines.mp4,iDbdXTMnOmE
Why_Should_You_Read_Macbeth.mp4,rD5goS69LT4
How_To_Make_Your_Writing_Suspenseful.mp4,xjKruwAfZWk
Where_Do_New_Words_Come_From.mp4,Ytr28t5VzAs
George_Stephensons_Locomotion.mp4,z5q_tAK18Ho
Bhanubhakta_Acharya_Biography_5_Amazing_Stories_Sagar_Dumre.mp4,ZwsJyLrA3gY
The_English_Alphabet.mp4,7C9J35bH9Qo
Letter_A_Alphabet_Song.mp4,KGZFmW3uPJE
See_it_Say_it_Sign_it_The_Letter_A.mp4,WP1blVh1ZQM
A_Cartoon_Cat.mp4,pARWQTi7rTQ
सिंह_र_खरायोको_कथा_Nepali_Stories_for_Kids.mp4,Rf0zcz4YyiY
क_बाट_कछुवा_Learning_Nepali Alphabets.mp4,zDDRgtC2TF0
Devanagari_Script.mp4,hxp3je6bq84
Learn_Devanagari_Vowels.mp4,JMjtkHI7CKM
Six_Blind_Men.mp4,iBqgr5xZLz0
How_to_Draw_a_Cube_3D.mp4,9ZVS4UFx9OE
Area_of_a_Rectangle.mp4,CgqgY7a630Q
How_to_draw_a_hole_on_graph_paper.mp4,LxkK3OI-FS8
Football_helps_children_in_Nepal.mp4,o3EpTetpbC4
Writing_Equations_In_All_Forms_Algebra_I _Khan_Academy.mp4,6Fu2T_RSGM
Factoring_Perfect_Squares_Common_Factor_Mathematics_II_High_School_Math_Khan_Academy.mp4,BFW2lHobO4E
Factoring_Quadratics_With_Two_Variables_Leading_Coefficient_Is_1_Khan_Academy.mp4,DRpdoZQtvOM
Factor_A_Polynomial_With_Two_Variables_By_Grouping_Algebra_I_Khan Academy.mp4,HXIj16mjfgk
Standard_Form_For_Linear_Equations_Algebra_I_Khan_Academy.mp4,6CFE60iP2Ug
Slope_Intercept_Form_Algebra_I_Khan_Academy.mp4,IL3UCuXrUzE
What_Are_Terms_Factors_And_Coefficients.mp4,9_VCk9tWT0Y
Solve_For_X_In_One_Step_Simplifying_Math.mp4,xjLcqfz5aOo
Should_You_Walk_or_Run_When_Its_Cold.mp4,Re5fhBoF6sY
Probability_Explained_Independent_And_Dependent_Events_Probability_And_Statistics_Khan_Academy.mp4,uzkc-qNVoOk
Factor_A_Lnear_Binomial_By_Taking_A_Common_Factor_Algebra_I_Khan_Academy.mp4,mbb3msmX2xs
Example_3_Multiplying_A_Monomial_By_A_Polynomial_Algebra_I_Khan_Academy.mp4,pD2-H15ucNE
Solved_Example_Cost_Of_Operation_Of_Electrical_Device.mp4,_A1ww8WQhu0
Comparing_and_Ordering_Decimals.mp4,68TBZRfaKnA
Subtract_4_Digit_Numbers.mp4,7i7jJrSitU4
Double_Digit_Addition.mp4,ayFAh4VNMFA
A_brief_history_of_numerical_systems.mp4,cZH0YnFpjwU
Count_Numbers_1_to_5.mp4,OflVmh-QQpM
How high can you count on your fingers.mp4,UixU1oRW64Q
5s_Multiplication_Rap.mp4,xiyqWRep2SA
Numbers_11_To_20.mp4,yjkd5zoq3Ao
The mathematics of sidewalk illusions.mp4,wujEE3PRVUo
How_Many_Ways_Are_There_To_Prove_The_Pythagorean_Theorem.mp4,YompsDlEdtc
Surface_area_of_a_box.mp4,1iSBNSYhvIU
Proof_Perpendicular_Radius_Bisects_Chord.mp4,2NgzruZ4_5c
Two_Column_Proofs_Lesson_Geometry_Concepts.mp4,4mp9-O2G8hE
What_Shape_Is_It.mp4,E6qWBhEiP6g
Finding_Surface_Area_Nets_Of_Polyhedra_Perimeter_Area_And_Volume_Geometry_Khan_Academy.mp4,m1ZTnl4CNQg
Capacity_Song_Measurement.mp4,DMmI9PoTE8E
How_To_Convert_Rupee_To_Paise_And_Paise_To_Rupee.mp4,WzsFUdPNWtE
The_Vitruvian_Man.mp4,1oiUPzmQ7uA
How_to_draw_Leonardo_Da_Vinci's_Vitruvian_Man.mp4,jKTv1Jecl-s
How small are we in the scale of the universe.mp4,WYQ3O8U6SMY
Cosmic_Eye.mp4,jfSNxVqprvM
Measuring_Liquid_Volume.mp4,CrFYdnWXgFE
Conservation_task.mp4,YtLEWVu815o
The_Number_10.mp4,FNEJXKTSkYM
Ordinal_Numbers_1M.mp4,BaO1E21SpkI
4_Square_Volleyball_Game.mp4,BEe4kv7Dlak
How_To_Spot_A_Misleading_Graph.mp4,E91bGT9BjYk
Can_You_Find_The_Next_Number_In_This_Sequence.mp4,LpjX3kHXcR0
Solve_the_egg_drop_riddle.mp4,NGtt7GJ1uiM
Can you solve the virus riddle.mp4,ZKh6z0X6KRw
Where_Do_Math_Symbols_Come_From.mp4,eVm063xmnow
The_Origin_of_Roman_Numerals.mp4,Q5_2o8MITH4
Greater_Than_And_Less_Than_Symbols_Applying_Mathematical_Reasoning_Pre_Algebra_Khan_Academy.mp4,nFsQA2Zvy1o
Months_Of_The_Year.mp4,5enDRrWyXaw
Tell_The_Time_B.mp4,5sq-2xnUixA
Days_Of_The_Week_Song.mp4,7AvNq2CQnOI
Subtract_Two_Digit_Numbers.mp4,Blnz3EjRP5U
Counting_Song.mp4,gLwrQBQ5JJE
Tell_The_Time_A.mp4,pX3tZzm0Q4k
The_Ordinal_Numbers_Race.mp4,3nAsDnX0Lsk
Properties_Of_Circles.mp4,bozeWqnADIg
What_Are_Cube_Roots.mp4,Cu-2NGLyXQU
Telling_Time.mp4,HrxZWNu72WI
Rupees_And_Paise.mp4,TyXL-0j7m-k
The_First_Asteroid_Ever_Discovered.mp4,VKMWqOfbGME
Timelapse_Of_Earth_From_ISS.mp4,wgdbZhnFD5g
Why_So_Many_Meteorites_Come_From_The_Same_Place.mp4,kygTzIXmqfM
Moon_Wobble.mp4,vC7odtQHoPc
The_dance_of_the_Earth_and_Venus_around_the_Sun.mp4,r_DYZWpp95g
Why_Is_The_Solar_System_Flat.mp4,tmNXKqeUtJM
How_Hummingbirds_Hover.mp4,YKHGEo-R_rE
Largest_Living_Bird.mp4,ZDG-oX6O7tA
Birds_That_Hibernate_In_Lakes.mp4,ZPUYBsI7Pp0
BIRDS_can_DANCE.mp4,HzKsfhalAPo
Is DNA the future of data storage.mp4,r8qWc9X4f6k
Cell_Membranes_Are_Way_More_Complicated_Than_You_Think.mp4,nsklF1w4eok
Why_Do_Some_Animals_Get_Gigantic.mp4,-B_ZZjD2ZeU
14 Rarest Sharks in the World.mp4,XRF8jXpGDF8
Why_Do_Animals_Eat_Their_Babies.mp4,8xVgAULDwNE
Why_Do_Bats_Transmit_So_Many_Diseases_Like_Ebola.mp4,Ao0dqJvH4a0
What_is_Dust_Made_Of_Michael_Marder.mp4,P21a5Uty-uc
Invisible_Nature_Invasion_of_the_Caterpillars.mp4,-VJOIfDI3a4
Caterpillar_Cameo.mp4,7Wy0hiY5LTs
Lens_of_Timel_Building_a_Butterfly_Wing.mp4,X6uBSCdz35c
Building_a_Butterfly_Wing.mp4,X6uBSCdz35c
Lens of Time Velvet Worms Secret of the Slime.mp4,do9YivjrAFk
Why the insect brain is so incredible.mp4,OQw3TNRnJ1I
The three different ways mammals give birth.mp4,sz3Yv3On4lE
Oxygens Surprisingly Complex Journey Through Your body.mp4,GVU_zANtroE
The neuroscience of imagination.mp4,e7uXAlXdTe4
How_Your_Muscular_System_Works.mp4,VVL-8zr2hk4
How_your_digestive_system_works.mp4,Og5xAdC8EUI
The evolution of animal genitalia.mp4,vcPJkz-D5II
What does the liver do.mp4,wbh3SjzydnQ
How_Did_Teeth_Evolve.mp4,wrPEjEqURJg
How_Does_Caffeine_Keep_Us_Awake.mp4,foLf5Bi9qXs
Strange_Deep_Creature.mp4,g986S0_VOpo
Virus_Model_Self_assembles.mp4,br-YxeXWx6s
Why_Did_T_Rex_Have_Such_Tiny_Arms.mp4,6XCkgXgKBqI
The_ferocious_predatory_dinosaurs_of_Cretaceous_Sahara.mp4,8RI0JnB_OaE
Jellyfish predate dinosaurs How have they survived so long.mp4,yQduHyiWe9o
What_can_you_learn_from_ancient_skeletons.mp4,T24hdchCVIg
Why do we itch.mp4,0NGei3H8yRk
What_Is_Consciousness_Michael_S_A_Graziano.mp4,MASBIB7zPo4
Immortality.mp4,uvMiz0-nPxs
Do we really need pesticides.mp4,GLllZ-qiXJA
The_Amazing_Ways_Plants_Defend_Themselves.mp4,Hja0SLs2kus
Meet_The_Frog_That_Barfs_Up_Its_Babies.mp4,9xfX_NTrFRM
Invisible_Nature_The_Glowing_Squid.mp4,atI9Ms_xTN8
Meet the tardigrade the toughest animal on Earth.mp4,IxndOd3kmSs
Giant Horse Conch & Burglar Hermit Crabs.mp4,P_hBp1sEwfs
Why_are_sharks_so_awesome.mp4,svlEfxTyJQE
If_Your_Hands_Could_Smell_Youd_Be_an_Octopus.mp4,XXMxihOh8ps
Bringing Fish Up from the Deep.mp4,c-QRgVgCpCg
Will_The_Ocean_Ever_Run_Out_Of_Fish.mp4,WNdR808jMSA
How_do_fish_make_electricity.mp4,z0M7_HPSi14
Why are sloths so slow.mp4,-64U7WoBrqM
Which_Bear_Is_Best.mp4,DHvgq7xRcj0
Are_We_Really_99_Chimp.mp4,IbY122CSC5w
Save_Mother_Giraffe.mp4,C75HZua3SOY
Invasion_Of_The_Earthworms!.mp4,icGV8bJRkkg
Why Do Whales Sing.mp4,7Xr9BYhlceA
The_Biggest_Organism_On_Earth.mp4,vWAA-SrrFUQ
Aluminium - The Material That Changed The World.mp4,yn9qhQSMCRk
What_Is_A_Smartphone_Made_Of_Kim_Preshoff.mp4,eIdJ22AfsO8
The_Deadly_Irony_Of_Gunpowder.mp4,mqHVRgCkCDE
How_To_Separate_Inseparables.mp4,q8Ent5CXhfY
Why doesnt anything stick to Teflon.mp4,uXaP43Zbz7U
The_Periodic_Table.mp4,0RRVV4Diomg
Zinc_Periodic_Table_of_Videos.mp4,99wPiMb-k0o
Keeling_Measures_CO2.mp4,KD3-_5_Y1RA
What_If_All_The_Ice_Melted_On_Earth.mp4,b6CPsGanO_U
Largest_glacier_calving_ever_filmed.mp4,hC3VTgIPoGU
Rains_Dirty_Little_Secret.mp4,87v_9Bud7vw
Whats_The_Difference_Between_Weather_And_Climate.mp4,vH298zSCQzY
Earth.mp4,E0cxzAMFDVY
How_Does_Fracking_Work.mp4,Tudal_4x4F0
Why_Is_NASA_Sending_A_Spacecraft_To_A_Metal_World.mp4,1JXq9779zwU
Why_Is_It_Hot_Underground.mp4,mOSpRzW2i_4
Dear_Future_Generations_Sorry.mp4,eRLJscAlk1M
Tragedy_of_the_Commons.mp4,KZDjPnzoge0
How_long_will_human_impacts_last.mp4,Zsc8G0NnMTs
The_Life_Cycle_Of_A_T_Shirt.mp4,BiSYoeqb_VY
The_Science_Of_Smog.mp4,CdbBwIgq4rs
What_If_The_World_Went_Vegetarian.mp4,ANUoAdXfA60
Plastics.mp4,_82ibL5JS3o
Biodegradable_And_Non_Biodegradable_Waste_Science_Grade_3_4_Tutway.mp4,aTflLRf7WS4
Composting_for_Kids.mp4,dRXNo7Ieky8
The_Civic_Sense.mp4,ihYGYcoWTU4
When_Is_Water_Safe_To_Drink.mp4,G244Q4AGJ7U
Whats so great about the Great Lakes.mp4,gBRcOLcEwF0
How_Deep_Is_The_Ocean.mp4,UUsf4r9fX8g
Why Do Rivers Curve.mp4,8a3r-cG8Wic
3_Ways_Universe_May_Die.mp4,YBYpKgkBaTc
A_Guide_To_The_Energy_Of_The_Earth_Joshua_M_Sneideman.mp4,fHztd6k5ZXY
The_Secret_Planet_Earth.mp4,8jP8CC2rKj4
How Braille was invented.mp4,cyfxQ6sdaIE
How super glue was invented.mp4,K2mv7kX3q2s
How blue jeans were invented.mp4,SCRYuUlU_Gs
One_of_the_most_epic_engineering_feats_in_history.mp4,dyckL6HuLRU
Computer_Memory.mp4,p3q5zWCw8J4
Think_Like _A_Coder_Ep 1.mp4,KFVdHDMcepw
English_Female_Full_Animation_WAD_2014_(L).mp4,bMH4f2QqUl4
How does asthma work.mp4,PzfLDi-sL3w
Why_is_it_so_hard_to_cure_cancer.mp4,h2rR77VsF5c
Who_Is_At_Risk_For_Colon_Cancer.mp4,H5zin8jKeT0
Communicable_And_Non_Communicable_Diseases_Cartoon.mp4,pTj3MdOiD2Y
The_Story_of_Coronavirus_(full_version).mp4,w5HvxsOo00E
What_Happens_When_You_Have_A_Concussion.mp4,xvjK-4NXRsM
What happens during a heart attack.mp4,3_PYnWVoUzM
How_do_animals_experience_pain.mp4,5j9Syov0AAw
Safety_In_The_House.mp4,6ODxY2Fmn6g
Noncommunicable_Diseases_And_Their_Risk_Factors_Animated_Video.mp4,fK1_SH3X2ek
Be_Careful.mp4,ZeJWn_2nda4
What_Happens_During_A_Stroke.mp4,-NJm4TJ2it0
The_Surprising_Cause_Of_Stomach_Ulcers.mp4,V_U6czbDHLE
Kids_Vocabulary_Health_Problems_Hospital_Play_Learn_English_For_Kids.mp4,5xZYFPJ0fps
Jumping_Techniques_For_Your_Students_To_Learn_Whole_Class_Activity_Stations_Bonus_Challenges.mp4,rlbzgyfFeaU
Youth_Sports_Drills.mp4,WdSpDgQn-2g
5_Kids_Yoga_Poses_For_Brilliant_Balance.mp4,zMHOgzFTPSg
Community_Healthcare_in_Nepal.mp4,eZdnwZQ6qX0
What_causes_constipation.mp4,0IVO50DuMCs
Should_We_Eat_Bugs_Emma_Bryce.mp4,rDqXwUS402I
What_Causes_Kidney_Stones.mp4,W0GpIMNTPYg
The Science of Milk.mp4,xmNzUEmFZMg
Are_food_preservatives_bad_for_you.mp4,ZJU34yTJL4M
Song_On_Hygiene_Five_Things_Used_For_Hygiene_In_Ultra_HD_4K.mp4,eh0_KjbrcBs
Overhand_Throw_Basics.mp4,2QfQZOm7LNI
Fantastic_Dribbling_Skills_And_Goals.mp4,744U9hXKq_k
Teaching_Kids_The_Forward_Roll.mp4,bIjzkeGa5cM
Teaching_the_Underhand_Throw_with_Rhymes.mp4,EMJIMHONg0E
force_and_motion.mp4,fnCDk-SnNGQ
The_Complicated_History_Of_Surfing.mp4,jyn_orqdyHQ
Tumbling_World_Championships_Womens_Final_2015.mp4,lMbN6IcrxLs
How_to_correct_running_form.mp4,OBN54xJtlP8
The_7_Basic_Locomotion_Movements_For_Sport_Teaching_Fundamentals_Of_PE.mp4,rCg-MkVkxyU
Overhand_Throw_At_A_Target.mp4,SKEvEl5gtzo
Why_Do_You_Need_To_Get_A_Flu_Shot_Every_Year.mp4,FZ_jNGKCIWs
What_Are_Mini_Brains.mp4,s_LxZx42sIk
The_Left_Brain_Versus_Right_Brain_Myth.mp4,ZMSbDwpIyF4
How the food you eat affects your gut.mp4,1sISguPDlhY
Locomotor_And_Non_Locomotor.mp4,GN1cjZwqS8Y
Are_You_A_Body_With_A_Mind_Or_A_Mind_With_A_Body.mp4,ILDy6kYU-xQ
How does your body know what time it is.mp4,Y8ZXOfWUbms
How_Does_Your_Immune_System_Work.mp4,PSRJfaAYkW4
Explore_cave_paintings.mp4,uOcpsXMJcJk
The_Immune_System_Explained_Bacteria.mp4,zQGOcOUBi6s
How to master your sense of smel.mp4,ynrbxy36erE
What is bipolar disorder.mp4,RrWBhVlD1H8
First_Aid_For_A_Burn.mp4,M_Gq69YSpqc
Why_Do_We_Harvest_Horseshoe_Crab_Blood.mp4,VgEbcQxFUu8
Doctor_Checkup_For_Kids_Types_Of_Doctors_Social_Studies_Kids_Academy.mp4,bwx2Z69S0YA
The_Accident_That_Changed_The_World.mp4,CNbnLgetqHs
Why_Do_India_And_China_Have_So_Many_People.mp4,V7oiro8tYA4
Why_Science_Matters_In_the_Field.mp4,V_EnaKkMVhA
How_A_Transistor_Works.mp4,WhNyURBiJcU
How_An_Igloo_Keeps_You_Warm.mp4,s0oX9YJ5XLo
Three_Primary_Colors.mp4,yu44JRTIxSQ
What_Are_Gravitational_Waves.mp4,hebGhsNsjG0
Magnets_and_Marbles.mp4,QQ9gs-5lRKc
Is_It_Possible_To_Create_A_Perfect_Vacuum.mp4,_rJOSDgDG0A
Can you solve the counterfeit coin riddle.mp4,tE2dZLDJSjA
Newtons_3_(three)_Laws_of_Motion.mp4,mn34mnnDnKU
Why_Is_Glass_Transparent.mp4,VwRLIt6jgdM
Historys_deadliest_colors.mp4,gKfjHTk8KrY
Could_We_Create_Dark_Matter.mp4,h2MlS09KJP4
What is entropy.mp4,YM-uykVfq_E
Will_We_Ever_Be_Able_To_Teleport.mp4,JMdO5KyjwAw
Why_perpetual_motion_machines_never_work.mp4,A-QgGXbDyR0
The_genius_of_Marie_Curie.mp4,w6JFRi0Qm_s
Teaching_Children_to_Read_Analog_and_Digital_Clocks.mp4,LqtT3qCQa9A
How_Does_Big_Ben_Keep_Accurate_Time.mp4,Qad6Q_RbQQ0
How do glasses help us see.mp4,ypF037wlYZg
The_world's_biggest_battery.mp4,r4OWMSG4Agg
What are the challenges of nuclear power.mp4,R7WPEYGr1Vs
Can_100_percent_Renewable_Energy_Power_The_World.mp4,RnvCbquYeIM
We_Share_Solar_Lighting_a_School_for_Deaf_Children_in_Kenya.mp4,0wbNSeycw_s
We_Share_Solar_Suitcases_in_Kakuma_Refugee_Camp_Kenya.mp4,AQuC5vOHw2A
Mirembe_Solar_Dreamer_We_Share_Solar_storybook.mp4,lHFs3okTy94
Philippines_Rural_Energy_Access_in_Schools.mp4,qQQa6BJneqo
Americas_Energy_Sources.mp4,CphnTuELIvc
Simple_Machines.mp4,fvOmaf2GfCY
Pulley_Wheel_Lever_&_More_Machines.mp4,jtk2V0M6k3M
Super_Simple_Machines_Levers.mp4,lueqE0lxLyc
How to recognize a dystopia.mp4,6a6kbU88wu0
Saving_Valentina.mp4,EBYPlcSD490
Intro_To_Protein_Synthesis.mp4,suN-sV0cT6c
Intro_To_Plants.mp4,_F8kYkn49Ec
Intro_To_Hurricanes.mp4,-eRzNC8JDoA
NYF_Overcomes_Starvation.mp4,-FPJ2b8M4r8
What_Alcohol_Does.mp4,-oN2emCHMIg
Intro_To_Protists.mp4,0-6dzU4gOJo
Chase_Tag.mp4,2oO4OpV5x9c
Kids_Exercise.mp4,6LndXdPdKaQ
Elements_And_Molecules.mp4,6pUzPh_lCO8
Intro_To_Biology.mp4,7L7x0BAqWis
Water_Supply.mp4,ac7AnV5QyAY
Intro_To_Genetics.mp4,B_PQ8qYtUL0
Industrial_Composting.mp4,B660d2c-RkA
Intro_To_Volcanoes.mp4,Be7o6BYVOzA
Easy_Exercises_For_Kids.mp4,bKOlBCJ1CW8
HRDC_In_Nepal.mp4,CN7Ugl81rmk
Amazing_Acrobatic_Dog.mp4,d4afy5q2cSM
Intro_To_The_Big_Bang.mp4,dMBqa5BdN_8
Types_Of_Plants.mp4,dMof7lNWfs
HIV_And_AIDS.mp4,DzXgCW9YcNg
Intro_To_Evolution.mp4,FpfAZaVhx3k
The_Nucleus.mp4,FSyAehMdpyI
Intro_To_Galaxies.mp4,FvtAPH0b1lE
Royal_Guards_Fail.mp4,FWx7zlabmw
How_To_Play_Hopscotch.mp4,fZzswQaICfM
Rhythmic_Gymnastics.mp4,G0o1tAJ9R3k
Intro_To_Rocks.mp4,g6QNqcAvBYM
Japanese_Marching_Kids.mp4,gAOSptet7wE
Intro_To_Cells.mp4,gFuEo2ccTPA
Exercise_Song_For_Kids.mp4,h4eueDYPTIg
Unit_Conversion.mp4,hQpQ0hxVNTg
OneDollarGlasses.mp4,HsWGlJKz67w
Diffusion_Demo.mp4,hxZFU2LBfgA
Quadrocopter_And_Ball.mp4,hyGJBV1xnJI
Intro_To_Chemistry.mp4,izeuGr0lbN0
Taste_And_Smell.mp4,j7GibFhuBmE
Dog_And_Child_Play.mp4,JA8VJh0UJtg
Personal_Hygiene.mp4,jEy0Ltlm3nU
Too_Much_Noise.mp4,jqNG-8gP2ug
Intro_To_Earthquakes.mp4,JrBaiPN6AW8
Simon_Says_Warm_Up.mp4,JRraCpfLt50
Casteller.mp4,K1HWyUIZ5kk
Heat.mp4,ldMcDvm29eA
Tightrope_Walking_1.mp4,LwfQkEo-28E
Hydropower.mp4,Lx6UfiEU3Q0
Intro_To_DNA.mp4,M4zHVRLXkgw
Tortoise_And_Hare.mp4,M5Zoph2V-bY
Intro_To_Tornadoes.mp4,mEeMmpf3964
Meiosis.mp4,mKWxeMMFTEU
Creating_Artificial_Life.mp4,MlAlOZIkm2M
Intro_To_Water.mp4,nSENolWbyYQ
Mexicos_Giant_Crystal_Cave.mp4,O7yfx0ejELg
Electric_Charge.mp4,Opz_Grl_vQA
School_Safety_ABCs.mp4,OUF0Kiw4moQ
The_Mole.mp4,Pft2CASl0M0
Sleep_Is_Essential.mp4,Pv2do5_Mp28
Food_Pyramid_Table.mp4,Q413VcqOlyU
Cell_Division.mp4,Q6ucKWIIFmg
Chemical_Analysis.mp4,QcC4OsSxWYU
Intro_To_Bacteria.mp4,qCn92mbWxd4
The_Fundamental_Laws.mp4,QiiyvzZBKT8
Dust_Mites.mp4,QLi23YOEbNI
Reflections_On_Life.mp4,skdO7yGETdI
Mexico_Citys_Pollution.mp4,Soclrye-woE
Intro_To_Our_Solar_System.mp4,svvwv5oAf4I
Four_Creatures_That_Glow.mp4,SwYpWjKjrcI
Intro_To_Earth_Science.mp4,T20RT0GgOB4
Intro_To_Biochemistry.mp4,tpBAmzQ_pUE
Handbell_Chorus.mp4,tPXCHI_zXmo
Slow_Motion_Snowing.mp4,u_nBzoas3-I
ABCs_Of_Disease.mp4,u81jxuaFOfM
Intro_To_Viruses.mp4,UEKS4w9bfJg
Coal_Fire.mp4,v6F0TuV3JMg
Intro_Life_Of_Stars.mp4,VnQXvewasSw
Why_Don’t_Spiders_Stick_To_Their_Webs.mp4,W7UIagEe1iM
Forces.mp4,xiU-2-rM0w4
Intro_To_Origin_Of_Life.mp4,XvMgoelauLQ
Arm_Wrestling.mp4,yZrjr4aXbAE
Frontflip_Somersault.mp4,z2Lcq2KIIAc
Positive_And_Negative_Charge.mp4,zHJkJGBdvwE
Children_Discuss_Water.mp4,zKS6h7cI2oU
Love_Song_To_The_Earth.mp4,ZSnOXbaXzfM
The_Jungle_Book_Kids_excerpt.mov,DVwMfr18vwE
What_is_Biography.mp4,i4zXB_RM-8M
How_To_Write_An_Autobiography.mp4,XNWtdMiuGnQ
The_worlds_most_mysterious_book.mp4,8NS4CbBJQ84
What makes a poem a poem.mp4,JwhouCNq-Fc
Vivaldi_4_Seasons_Autumn.mp4,Q8AN0jWNrJA
Ring_in_the_Holidsays.mp4,0JCQF2hoWGg
Tatsumaki_Spring_Concert_2013.mp4,ekNXIAaWI_8
Surprise_Opera_in_a_School.mp4,JNgCM7zp30M
Fill_Us_With_Fire.mp4,ngHs4mfOBUQ 
San_Jose_Taiko_Drummers.mp4,E1VQ0BS2pQ8
TETRIS_Theme_(Rhythmic_Juggler_Meets_Marimba_Madman).mp4,yDhv9PtuDb0
Why_was_Leonardo_da_Vinci_that_famous.mp4,ShWeJDuz6BM
The_complex_geometry_of_Islamic_design.mp4,pg1NpMmPv48
Explore_cave_paintings.mp4,CX4KuIBmnjI
The_best_body_art_you_ have_ever_seen.mp4,Vq_ybyfCyWM
How_to_Make_a_Paper_Bag.mp4,TFZ4HOPo-k0
How_to_make_a_paper_Dice.mp4,vUws412hdjo
The_Myth_Of_Icarus.mp4,DPt9X7lcCA0
Tortoise_And_Elephant.mp4,9Lcau-9gca4
The myth behind the Chinese zodiac.mp4,may2s9j4RLk
Where do superstitions come from.mp4,quOdF1CAPXs
What_makes_a_hero.mp4,Hhk4N9A0oCA
For_Every_Child_2010_UNICEF.mp4,Mmy9MpwyKnQ
Mary's Room  A philosophical thought experiment.mp4,mGYmiQkah4o
The_Legend_Of_Annapurna.mp4,ztoUaJFEi8M
The_Power_of_Role_Models_Ayla_at_TEDxYouth@IsaacDickson.mp4,pxBUnLe5QJ4
Would you sacrifice one person to save five.mp4,yg16u_bzjPE
How_to_do_the_Socratic_Method.mp4,_CPLu3qCbSU
Concept_mapping_of_key_ideas.mp4,1-rjC3j2rhU
How do focus groups work.mp4,3TwgVQIZPsw
Using_the_Socratic_Method_to_Teach_Your_Kids_Critical_Thinking_Skills.mp4,52EK-kJCGWQ
Brainstorming_Done_Right.mp4,9K8W4ooygUU
Warm_Up_All_kids.mp4,A9Vex9CAJVo
4_Square_Writing_Method_Bishop.mp4,bm2rSQ6UpWg
Venn_Diagram_Teach_for_Life.mp4,CkV_uRErIqk
Encouraging_Student_Debate.mp4,DowgTXvI580
Scaffolding_Discussion_Skills_With_a_Socratic_Circle.mp4,e3IBLKYaK1E
The_Jigsaw_Method.mp4,euhtXUgBEts
Understanding_Venn_Diagrams.mp4,GH29VWIPyfg
A_Better_Way_to_Brainstorm.mp4,GLpZ6RZHyoM
Word_Splash_LEARN_Strategy.mp4,Gr1USPF4edM
Graphic_Organizer_Word_Web_Cluster_Diagram.mp4,HDI8c8RdvJ8
4_Square_Writing_Method_for_Early_Learners.mp4,HFdCMrWsHIM
4_Ways_to_Improve_your_Brainstorming.mp4,HRWt1rBG10o
Math_Manipulatives.mp4,hUEkmcTeIos
4_Square_Writing_Beginners.mp4,JuHE2nyJdRg
Think_Pair_Share_Jillian.mp4,KAPyC-NrUS8
Bhutan_Earthquake_Desk_GeoHazards_International.mp4,KUONYzHQrjo
Innoventure_Jr_Brainstorming.mp4,mgMIrYSX-xQ
Graphic_Organizers.mp4,mNFk9AQhKAA
Jigsaw.mp4,mtm5_w6JthA
KWL_Teach_for_Life.mp4,nAr7F7iDYIg
Teaching_Strategies_we_are_Using_Inside_the_Classroom.mp4,nhuxzE016oU
Inquiry_Based_Learning_Developing_Student_Driven_Questions.mp4,OdYev6MXTOA
Concept_Map_Teaching_Technique.mp4,teD6pdjs74o
What_is_Inquiry_Based_Learning.mp4,u84ZsS6niPc
What_is_Active_Learning_NWIA.mp4,UsDI6hDx5uI
How_to_do_a_Think_Pair_Share.mp4,vxMOl2Vnw54
Children_are_learning_English_with_Wow.mp4,Wxc4adPkf7A
Teacher_Toolkit_Think_Pair_Share.mp4,x1EuZRQgVyE
Mind_Mapping.mp4,xCyjFipytRE
What_is_Active_Learning.mp4,Z9esoCjjUGQ
Should_We_Get_Rid_Of_Standardized_Testing.mp4,YtE0OsRWeYI
EASTERN_PHILOSOPHY_The_Buddha.mp4,tilBs32zN7I
Who were_the_Vestal_Virgins_and_what_was_their_job.mp4,ER0Cu0KQFqM
Nepali_National_Anthem.mp4,OCZvqTY4-PQ
If_The_World_Were_100_People.mp4,QFrqTFRy-LU
Kids_playing_Marbles_Guchcha.mp4,_o5fcy_Lu2M
PE_Games_Treasure_Hunters.mp4,2Dy0Q1nU0i4
The_Fox_And_The_Sour_Grapes_Story_In_English_Short_Story_For_Kids.mp4,bw_5JfrQ-aE
How_to_use_a_Yo-Yo.mp4,CcR2kkqi2k4
An_Introduction_To_Nepali_Games.mp4,hXrQRcgHJXY
Human_Alphabet_Game.mp4,KNPQMizGDKU
Playing_Gatti_in_Jumla.mp4,LLH4vi8uupg
Pink_is_the_Colour_of_Resilience.mp4,WTfLrIEaRHA
Pashupatinath_Temple_The_Most_Sacred_Hindu_Shrine.mp4,AmrnKF8XwyI
Playtime_for_Boys_and_Housework_for_Girls_Training_in_Gender_Roles_Begins_Early.mp4,3kQD9oaMBRc
Work_Together_As_A_Team_S4_E5.mp4,TZqFYtWCWXg
Happiness_Is_Helping_Others.mp4,zcruIov45bI
Federal_Provincial_And_Local_Government_Of_Nepal.mp4,41k_0644fFM
Super_Dog_Is_Disabled_Woman's_Carer.mp4,8E84PDV0fjw
A_Brave_Mom.mp4,VOWjny5lrEA
Why do people get so anxious about math.mp4,7snnRaC4t5c
Children_See_Children_Do_2013.mp4,jOrGsB4qG_w
Why are we so attached to our things.mp4,H2_by0rp5q0
Why_Make_Irrational_Decisions.mp4,V2EMuoM5IX4
Ticket_Without_A_Seat.mp4,KuHKktzS8hg
Ticket_Without_A_Seat.mp4,KuHKktzS8hg
Would winning the lottery make you happier.mp4,juO4zxsjSjw
How_To_Find_Fulfilling_Work.mp4,veriqDHLXsw
The power of the placebo effect.mp4,z03FQGlGgo0
How to practice effectively for just about anything.mp4,f2O6mQkFiiw
About_Me_My_Friends_And_My_Family_Environmental_Studies_For_Kids.mp4,2KaFP8sHmcE
How_do_US_Supreme_Court_justices_get_appointed.mp4,0xnzGSV66x4
Inclusion.mp4,6SnXBKEfr2s
What does this symbol actually mean.mp4,ppNYZq-hYTw
How_does_money_laundering_work.mp4,257wV-AbKaE
Cooperation_Vs_Collaboration_When_To_Use_Each_Approach.mp4,Gr5mAboH1Kk
The_Overhand_Throw.mp4,-fPGb1elphc
Basic_Steps_Of_An_Overhand_Throw.mp4,2ERlFja3H-I
Skateboard_New_York.mp4,JKPwLwhE-8M
Increase_Your_Long_Jump.mp4,vcLBrZvV05Q
People_Are_Awesome_2.mp4,vLT3A0a3hoQ
Kenyan_High_School_High_Jump_Official.mp4,-qTAeVGl_e8
USA_Relay_Team_Wins_4X400_Gold.mp4,aokISyav_ZA
A_brief_history_of_cheese.mp4,QKae1k1BDdA
15_Best_Small_Business_Ideas_In_Nepal_By_Edu_Nep_Edunep.mp4,5HeBIaWA0SI
How_Important_Are_Small_Businesses.mp4,7MTaI216nQA
What_It_Means_To_Buy_A_Companys_Stock.mp4,98qfFzqDKR8
Intro_To_Profit_And_Loss_Comparing_Quantities_Class 7_(India)_Math_Khan_Academy.mp4,aB_aXOWI_FI
air_layering_fruits.mp4,5KWE9LbGmrU
The_story_of_HimalayaTM.mp4,rU561dfROo4
Beautiful_Scenery_Of_Nepal_heal_your_soul_at_home.mp4,jY2fu2T3-sE
All_Districts_Of_Nepal_77_Districts.mp4,u1jjROYbVhU
Geography_Of_Nepal_Unbelievable_Surface_Area_Equals_USA.mp4,Y4FSgsgm5Sg
Physical_Geography_Italy.mp4,f-zFloKX5Dc
How_To_Draw_Map_Of_Nepal_Step_By_Step_Map_Of_Nepal.mp4,6WZtb3UTjjc
Egyptian_Book_Of_The_Dead.mp4,1yv_MXNYbAo
History vs Cleopatra.mp4,Y6EhRwn4zkc
Everything you need to know to read Homers Odyssey.mp4,8Z9FQxcCAZ0
Pictures_of_Ancient_Kathmandu.mp4,JD4nKVkeNjk
Kathmandu_Valley.mp4,nw3ncSH6Cpo
Why_Is_Herodotus_Called_The_Father_Of_History.mp4,A542ixwyBhc
The exceptional life of Benjamin Banneker.mp4,DKnwyVR4P88
How Magellan circumnavigated the globe.mp4,pFdiX8mj0Es
The history of tea - Shunan Teng.mp4,LaLvVc1sS20
The_Power_Of-Creative_Constraints.mp4,v5FL9VTBZzQ
How_To_Juggle_Languages.mp4,cXNTArhA0Jg
Lewa_Protects_Rhinos.mp4,b0mraH3Lzuk
Conflict_Management_Funny.mp4,f3NmLUINP80
Caste_System_In_Nepal_Discrimination_Free_Society_Fully_Explained.mp4,KRO8hCJkF8E
A_Brief_History_Of_Banned_Numbers.mp4,VmWVXOIQblM
Eliminate_Child_Marriage_UNICEF.mp4,_cp1aiGFVHc
Girl_who_stopped_her_own_marriage_is_a_change_agent_for_other_girls.mp4,-hXZzz8exdU
Women_Have_Fewer_Rights_Nepal_Think_Equal.mp4,Av5KehSkvMs
End_Child_Marriage_and_Dowry.mp4,dXoMIsFU4yI
Meena_Say_No_To_Dowry.mp4,gfWlrn_Fo3c
Girl_Who_Dared_to_Challeng_A_Social_Evil.mp4,LD1nfQMh3jg
Ending_Child_Marriage_CWIN_WVIN_BDH_CH_1098.mp4,sAHew0P-3fI
Maiti_Nepal_New_Year_2017.mp4,uCGQ7-WDxIo
MERO_JIVAN_MERO_ROJAI_Child_marriage_in_Nepal_CWIN.mp4,z8YU3DWdj-k
The_Rise_And_Fall_Of_The_Berlin_Wall.mp4,A9fQPzZ1-hg
What_Are_The_Universal_Human_Rights_Benedetta_Berti.mp4,nDgIVseTkuE
Teaching_Laws_Rights_And_Responsibilities_To_Kids_Freedom_Of_Speech_Kids_Academy.mp4,TyP09S0UEzA
Nepal_Hydropower_For_Villages_Global_Ideas.mp4,oGSlzHuHp9o
Nepal_Bringing_Electricity_To_Hard_To_Reach_Communities.mp4,QM3jn-e1_GY
Alternative_Transport_Systems_Such_As_Gravity_Goods_Ropeways_Tuins_And_Bicycle_Trailers.mp4,ZZ2-OB53o_g
Traffic_Signs_And_Rules_For_Kids_Road_Safety_For_Children_Roving_Genius.mp4,PpEWVxNj2xo
Nepa_Kathmandu_Transports.mp4,0ACZo4Esvqc
Gravity_Ropeway.mp4,LaHS8eHzYqg
The_Most_Evolved.mp4,UJrSUHK9Luw
Sound_Of_Music_Belgium.mp4,7EYAUazLI9k
Landfillharmonic.mp4,9xySt5mbO1A
A_Civic_Gift.mp4,GBaHPND2QJg
PrayForPeace.mp4,YHbv4M8d3As
Purans_Life_in_Nepal.mp4,LEAbGHcRTEQ
