2N06	मेरो सिर्जना
2N07	रुचि र बानी
2N08	हाम्रो संस्कृति
2N09	सञ्‍चार, प्रविधि र बजार
2N10	हाम्रो क्रियाकलाप
2N11	हाम्रो वरपरको संसार
3N01	म र मेरो परिवार
3N02	मेरो दैनिक जीवन
3N03	हाम्रो समुदाय
3N04	मेरो विद्यालय
3N05	हाम्रो वातावरण
3N06	मेरो सिर्जना
3N07	रुचि र बानी
3N08	हाम्रो संस्कृति
3N09	सञ्‍चार, प्रविधि र बजार
3N10	हाम्रो क्रियाकलाप
3N11	हाम्रो वरपरको संसार
4N01	गाउँछ गीत नेपाली (कविता)
4N02	धनको घमन्ड (कथा)
4N03	बचत गर्ने बानी (प्रबन्ध)
4N04	नौलाख तारा  (कविता)
4N05	नीमको पात (कथा)
4N06	बाग्मती नदी (प्रबन्ध)
4N07	बिहेको निम्तो (संवाद)
4N08	दाजुभाइ र बुढाबा (कथा)
4N09	स्वस्थ बनौँ (प्रबन्ध)
4N10	बुबाको चिठी (चिठी)
4N11	आमा (कविता)
4N12	बजा लौरी डाङडुङ (कथा)
4N13	नरेशको यात्रा (प्रबन्ध)
4N14	पशुपन्छी र हाम्रो कर्तव्य (संवाद)
4N15	प्रधानाध्यापकलाई  (निवेदन)
4N16	पाप लाग्छ (कविता)
4N17	पछुतो (कथा)
4N18	बाल बालिकाको अधिकार (प्रबन्ध)
4N19	लक्ष्य (कविता)
4N20	सत्यकामको अठोट (कथा)
4N21	आधुनिक सञ्‍चार (प्रबन्ध)
5N01	नैतिक द‍ृष्‍टान्त
5N02	कर्मको फल
5N03	कामको महिमा
5N04	किसानको रहर
5N05	आखाँको ज्योति
5N06	समय
5N07	बाल दिवस
5N08	अनौठो प्रश्‍न
5N09	हाम्रो यात्रा
5N10	साथीलाई चिठी
5N11	नदी
5N12	प्रेरणा
5N13	रिसको औषधी
5N14	सिक्नुपर्ने कुरा
5N15	बिरामी बिदाको निवेदन
5N16	देशको माटो
5N17	सबैभन्दा ठुला भक्त
5N18	परीक्षाको तयारी
5N19	नर्सको जीवन
5N20	राष्‍ट्रिय गौरव
5N21	पश्‍चात्‍ताप
5N22	किताब कसरी बन्छ?
6N01	मातृभूमिको आवाज (कविता)
6N02	कुमार यवक्रीत (कथा)
6N03	नेपाली संस्कृति (निबन्ध)
6N04	छोरालाई चिठी (चिठी)
6N05	सङ्‍गीतकार अम्बर गुरुङ (जीवनी)
6N06	चम्किला अनुहारहरू (कथा)
6N07	सम्पत्तिभन्दा स्वास्थ्य ठुलो (वादविवाद)
6N08	मेरा रहर (निबन्ध)
6N09	जाग जाग (कविता)
6N10	आशाको दियो (कथा)
6N11	सहभागिताका लागि निवेदन (निवेदन)
6N12	थोमस एल्भा एडिसन (जीवनी)
6N13	लाग्दछ मलाई रमाइलो (कविता)
6N14	वनभोज (संवाद)
6N15	पानीको कथा (प्रबन्ध)
6N16	मायाको घर (कथा)
7N01	परिचय (कविता)
7N02	मामालाई सुधार्ने भान्जो (कथा)
7N03	सांस्कृतिक एकताको पर्वः छठ (प्रबन्ध)
7N04	आन्तरिक पर्यटन (संवाद)
7N05	साहित्यकार झमक (जीवनी)
7N06	एउटै मुटु एउटै मर्म (गीत)
7N07	सात दिने सभा (कथा)
7N08	प्रकृतिको सुन्दर स्थलः खप्तड (प्रबन्ध)
7N09	साथीलाई चिठी (चिठी)
7N10	सुन उगेल्ने भाले (कथा)
7N11	कृषि ठुलो कि उद्योग ठुलो (वाद विवाद)
7N12	सुनौलो भोलि (गीत)
7N13	अलेक्जेन्डर फ्लेमिङ (जीवनी)
7N14	बोधसत्वको कथा (कथा)
7N15	म सौर्य उर्जा हुँ (प्रबन्ध)
7N16	रिस र राक्षस (कथा)
7N17	प्रधानाध्यापकलाई निवेदन (निवेदन)
7N18	आबाल ब्रह्‌मचारी षडानन्द (जीवनी)
7N19	सभ्यता (कविता)
7N20	नेपालको धार्मिक वास्तुकला (प्रबन्ध)
7N21	बाक्लो दाल (कथा)
8N01	नेपाल (कविता)
8N02	भाग्य (कथा)
8N03	देवकुमारी थापा (जीवनी)
8N04	ग्रन्थचित्र (प्रबन्ध)
8N05	निवेदन (निवेदन)
8N06	मित्रता (कथा)
8N07	सिप र श्रम (कविता)
8N08	भूगोलविद् हर्क गुरुङ (जीवनी)
8N09	प्रकृति र वातावरण (प्रबन्ध)
8N10	एउटा घटना (कथा)
8N11	दाजुलाई चिठी (चिठी)
8N12	मेरो घर (कविता)
8N13	विज्ञान अभिशाप नभई वरदान (वाद विवाद)
8N14	साहित्यकार रवीन्द्रनाथ ठाकुर (जीवनी)
8N15	ठग समातियो (कथा)
8N16	कम्प्युटर र इन्टरनेट (प्रबन्ध)
8N17	हामी एउटै हौँ (एकाङ्‍की)
8N18	अह्‍वान (कविता)
8N19	सिंह र स्यालको कथा (कथा)
8N20	नेपाली संस्कृति (प्रबन्ध)
8N21	सर आइज्याक न्युटन (जीवनी)
8N22	स्वाभिमान (कथा)
9N01	दुई मितको कथा
9N02	यात्रा सुरु गरौँ
9N03	सङ्‌गीतज्ञ रामशरण दर्नाल
9N04	म को हुँ ?
9N05	मानव बेचबिखन विरुद्ध हाम्रो दायित्व
9N06	बहिनीलाई चिठी
9N07	निद्रा
9N08	वसन्त कोकिल
9N09	जैविक खेती
9N10	मङ्‌गलाका तीन दिन
9N11	डाक्टर अङ्‌कल
9N12	आङ सान सुकी
9N13	सय रङ इन्द्रेनी
9N14	महिला हिंसा
9N15	छात्रावास
9N16	बन्धनबाट मुक्ति
10N01	जन्मभूमि (कथा)
10N02	सन्तुष्‍टि (कविता)
10N03	सन्दुक रुइत (जीवनी)
10N04	थाङ्‌का (निबन्ध)
10N05	म पनि सक्छु (मनोवाद)
10N06	व्यापारिक चिठी (चिठी)
10N07	प्रत्यागमन (कथा)
10N08	वर्षा (कविता)
10N09	हाम्रो संस्कृति (निबन्ध)
10N10	स्थानीयकरणभन्दा व्यापारीकरण बेस (वाद विवाद)
10N11	लक्ष्मीपूजा (कथा)
10N12	क्लारा जेटकिन (जीवनी)
10N13	जय भुँडी (निबन्ध)
10N14	म सडक बोल्दै छु (कविता)
10N15	टीका (एकाङ्की)
10N16	माउजङ बाबुसाहेको कोट (कथा)
11N01	वीर पुर्खा (कविता)
11N02	गाउँको माया (सामाजिक कथा)
11N03	संस्कृतिको नयाँ यात्रा (आत्मपरक निबन्ध)
11N04	योगमाया (राष्‍ट्रिय जीवनी)
11N05	साथीलाई चिठी (चिठी)
11N06	त्यो फेरि फर्कला ? (मनोवैज्ञानिक कथा)
11N07	पर्यापर्यटनका सम्भावना र आयाम (वस्तुपरक निबन्ध)
11N08	लौ आयो ताजा खबर (लघु नाटक)
11N09	सफलताको कथा (रिपोर्ताजमूलक रचना)
11N10	कृषिशालामा एक दिन (संवाद)
11N11	रारा भ्रमण (दैनिकी)
11N12	जलस्रोत र ऊर्जा (वक्तृता)
12N01	आमाको सपना
12N02	विरहिणी दमयन्ती
12N03	घनघस्याको उकालो काट्ता
12N04	व्यावसायिक पत्र
12N05	एक चिहान
12N06	स्टिफन विलियम हकिङ
12N07	हामीलाई बोलाउँछन् हिमचुली
12N08	मातृत्व
12N09	गोर्खे
12N10	नेपाली पहिचान
12N11	सहकारी
12N12	जीवन मार्ग
12N13	परिशिष्‍ट
4M01.00	ज्यामिति
4M01.01	ठोस आकृतिहरू
4M01.02	ठोस वस्तुको सतह, किनारा र कुना
4M01.03	कोणहरू
4M01.04	कोणहरूको नाप
4M01.05	१०/१० डिग्रीको अन्तरमा कोणहरूको रचना
4M01.06	९०° भन्दा ठुला र साना कोणहरू
4M02.00	सङ्ख्याहरूको धारणा
4M02.01	सङ्ख्याहरूको प्रारम्भ
4M02.02	करोडसम्मका सङ्ख्याहरू
4M02.03	सङ्ख्याहरूको शून्यान्त
4M02.04	रूढ र संयुक्त सङ्ख्याहरू
4M02.05	रूढ गुणन खण्डहरू
4M03.00	गणितका आधारभूत क्रियाहरू
4M03.01	घटाउ
4M03.02	घटाउ सम्बन्धी व्यावहारिक समस्याहरू
4M03.03	गुणन
4M03.04	गुणन सम्बन्धी व्यावहारिक समस्याहरू
4M03.05	भाग
4M03.06	भाग सम्बन्धी व्यावहारिक समस्याहरू
4M03.07	सरलीकरण
4M04.00	भिन्न, दशमलव, प्रतिशत र ऐकिक नियम
4M04.01	भिन्न
4M04.02	दशमलव सङ्ख्या
4M04.03	प्रतिशत
4M04.04	ऐकिक नियम
4M05.00	समय, मुद्रा र नापतौल
4M05.01	दिन, हप्ता, महिना र वर्ष
4M05.02	मुद्रा
4M05.03	दुरी
4M05.04	आयतको परिमिति
4M05.05	क्षेत्रफल
4M05.06	क्षमता
4M05.07	आयतन
4M05.08	तौल
4M06.01	बिल र बजेट
4M07.00	तथ्याङ्क शास्त्र
4M07.01	स्तम्भ लेखाचित्र
4M07.02	थर्मामिटर पढ्ने
4M07.03	क्रमजोडाहरू
4M08.00	समूह
4M08.01	परिचय
4M08.02	समूह लेख्‍ने तरिका
4M09.00	बीज गणित
4M09.01	चल र मान
4M09.02	बीजीय पद तथा अभिव्यञ्जक
4M09.03	सजातीय र विजातीय पदहरू
4M09.04	बीजीय समीकरण
5M01	ज्यामिति
5M02	सङ्ख्याको ज्ञान
5M03	गणितका आधारभूत क्रियाहरू
5M04	समय
5M05	मुद्रा
5M06	दुरी
5M07	परिमिति
5M08	क्षेत्रफल
5M09	क्षमता
5M10	आयतन
5M11	तौल
5M12	भिन्न र दशमलव
5M13	प्रतिशत
5M14	ऐकिक नियम र साधारण ब्याज
5M15	बिल र बजेट
5M16	तथ्याङ्कशास्त्र
5M17	समूह
5M18	बीजगणित
8M01	रेखा र कोण
8M02	त्रिभुज, चतुर्भुज र बहुभुजहरू
8M03	त्रिभुजको अनुरूपता र समरूपता
8M04	वृत्त
8M05	ठोस आकृतिहरू
8M06	निर्देशाङ्कहरू
8M07	क्षेत्रफल र आयतन
8M08	स्थानान्तरण
8M09	दिशास्थिति र स्केल ड्रइङ
8M10	समूह
8M11	पूर्ण सङ्ख्याहरू
8M12	पूर्णाङ्कहरू
8M13	आनुपातिक सङ्ख्याहरू
8M14	वास्तविक सङ्ख्याहरू
8M15	अनुपात, समानुपात र प्रतिशत
8M16	नाफा र नोक्सान
8M17	ऐकिक नियम
8M18	साधारण ब्याज
8M19	तथ्याङ्क शास्त्र
8M20	बीजीय अभिव्यञ्जकहरू
8M21	घाताङ्क
8M22	समीकरण, असमानता र लेखाचित्र
9M01	समूह
9M02	नाफा र नोक्सान
9M03	कमिसन तथा कर
9M04	घरायसी अङ्क गणित
9M05	क्षेत्रफल
9M06	ठोस वस्तुहरू
9M07	बीजीय अभिव्यञ्जकहरू
9M08	घाताङ्क
9M09	अनुपात र समानुपात
9M10	रेखीय समीकरण
9M11	वर्ग समीकरण
9M12	त्रिभुज
9M13	समानान्तर चतुर्भुज
9M14	रचना
9M15	समरूपता
9M16	वृत्त
9M17	त्रिकोणमिति
9M18	तथ्याङ्क शास्त्र
9M19	सम्भाव्यता
9M20	उत्तर माला
9Ma01.00	बीज गणित
9Ma01.01	सम्बन्ध र फलन
9Ma01.02	बहुपदीयहरू
9Ma01.03	अनुक्रम र श्रेणी
9Ma02	सीमान्त मान
9Ma03	मेट्रिक्स
9Ma04	निर्देशाङ्‌क ज्यामिति
9Ma05	त्रिकोणमिति
9Ma06	भेक्टर
9Ma07	स्थानान्तरण
9Ma08	तथ्याङ्‌क शास्त्र
9Ma09	उत्तर माला
10M01	समूह
10M02	कर र मुद्रा विनिमय
10M03	चक्रीय ब्याज
10M04	जनसङ्‌ख्या वृद्‌धि र मिश्रह्रास
10M05	समतलीय सतह
10M06	बेलना र गोला
10M07	प्रिज्म र पिरामिड
10M08	महत्तम समापवर्तक र लघुत्तम समापवर्त्य
10M09	साधारण मूलक र सर्ड
10M10	घाताङ्‌क
10M11	बीजीय भिन्न
10M12	समीकरण
10M13	त्रिभुज र चतुर्भुज
10M14	रचना
10M15	वृत्त
10M16	त्रिकोणमिति
10M17	तथ्याङ्‌क शास्त्र
10M18	सम्भाव्यता
10M19	उत्तर माला
4S01.00	खण्ड: १ विज्ञान
4S01.01	ढाड भएका र ढाड नभएका जनावरहरू
4S01.02	फुल पार्ने र बच्चा जन्माउने जनावरहरू
4S01.03	जमिनमा बस्ने जनावरहरू र तिनका लक्षणहरू
4S01.04	पानीमा बस्ने जनावरहरू र तिनका लक्षण
4S01.05	जीवन प्रक्रिया
4S01.06	बिरुवाका विकासका चरणहरू
4S01.07	जमिनमा पाइने बिरुवाहरू र  तिनका लक्षण
4S01.08	पानीमा पाइने बिरुवाहरु
4S01.09	सजीव र वातववरणको अन्तर सम्बन्ध
4S01.10	प्राकृतिक प्रकोप
4S01.11	पदार्थ
4S01.12	शक्ति
4S01.13	मौसम
4S01.14	ऋतु
4S01.15	पृथ्वी
4S01.16	सौर्य मण्डल
4S01.17	सूचना प्रवाहका साधनहरू र तिनको महत्त्व
4S01.18	हाम्रा केही स्थानीय प्रविधिहरू
4S02.00	खण्ड २: स्वास्थ्य शिक्षा
4S02.01	हाम्रो शरीर
4S02.02	शरीरका अङ्गहरूको सफाइ
4S02.03	वातावरण
4S02.04	स्वच्छ वातावरण तथा स्वस्थ जीवन
4S02.05	हाम्रो खाना
4S02.06	पोसिला खानेकुरा
4S02.07	रोगहरू
4S02.08	सरुवा रोगहरू
4S02.09	नसर्ने रोगहरू
4S02.10	दुर्घटनाबाट बचौँ
4S02.11	प्राथमिक उपचार
4S02.12	स्वास्थ्य, सेवा र सहयोग
4S02.13	धूमपान, मद्यपान र लागुपदाथ
4S03.00	खण्ड ३: शारीरिक शिक्षा
4S03.01	गतिशील अवस्थाका सीपहरू
4S03.02	दौडाइ
4S03.03	थरीथरीका उफ्राइ
4S03.04	फ्याँकाइ
4S03.05	स्थिर अवस्थाका सीपहरू
4S03.06	कवाज
4S03.07	शारीरिक व्यायाम
4S03.08	रमाइला खेलहरू
4S03.09	हाम्रा खेलहरू
4S03.10	कथानक खेल
4S03.11	बल रोक्ने र हान्ने खेल
4S03.12	ड्रिवलिङ खेल
4S03.13	पल्टनबाजी कार्य
4S03.14	सन्तुलन काय
5S01.00	विज्ञान
5S01.01	विभिन्न प्रकारका जनावर
5S01.02	कोष
5S01.03	पुतलीको जीवनचक्र
5S01.04	एक दलीय र दुई दलीय बिरुवाहरू
5S01.05	जनावर र बिरुवाहरूको सामान्य जीवन प्रक्रिया
5S01.06	मानवीय क्रियाकलापबाट वातावरणमा पर्ने प्रभाव
5S01.07	वातावरण संरक्षण
5S01.08	पदार्थको अवस्था परिवर्तन
5S01.09	शक्तिको स्रोत
5S01.10	मौसम
5S01.11	बादल
5S01.12	सौर्य परिवार
5S01.13	पृथ्वी
5S01.14	सूचना र सञ्चार
5S01.15	सामान्य स्थानीय प्रविधिहरू
5S02.00	स्वास्थ्य शिक्षा
5S02.01	व्यक्तिगत सरसफाइ
5S02.02	व्यायाम, आराम र निद्रा
5S02.03	वातावरणीय सरसफाइको आवश्यकता
5S02.04	ठोस फोहोरमैला
5S02.05	सन्तुलित भोजन
5S02.06	कुपोषणका कारण र बच्ने उपाय
5S02.07	सरुवा रोगहरू
5S02.08	एचआईभी र एड्स
5S02.09	दुर्घटनाबाट बचौँ
5S02.10	सावधानी तथा प्राथमिक उपचार
5S02.11	स्वास्थ्य सेवा तथा सामुदायिक स्वास्थ्य
5S02.12	स्वास्थ्य सेवा लिऔँ र सहयोग गरौँ
5S02.13	धूमपान
5S02.14	मद्यपान र लागुपदार्थ
5S03.00	शारीरिक शिक्षा
5S03.01	गतिशील अवस्थाका सीपहरू
5S03.02	उफ्राइ
5S03.03	फ्याँकाइ
5S03.04	रिले खेलहरू
5S03.05	स्थिर अवस्थाका सीपहरू
5S03.06	कवाज
5S03.07	शारीरिक व्यायाम (पी. टी.)
5S03.08	साधारण तथा स्थानीय खेलहरू
5S03.09	स्थानीय खेलहरू
5S03.10	सिर्जनात्मक खेलहरू
5S03.11	भकुन्डो खेल
5S03.12	सन्तुलन कार्य
5S03.13	पल्टनबाजी कार्य
6S01.00	वैज्ञानिक सिकाइ
6S01.01	वैज्ञानिक सिकाइको परिचय
6S01.02	नाप र एकाइ
6S01.03	नापका स्थानीय र प्रमाणिक एकाइहरू
6S01.04	ठुला तथा साना एकाइहरू
6S02.00	सूचना तथा सञ्चार प्रविधि
6S02.01	प्रविधि
6S02.02	दैनिक जीवनमा मोबाइलफोन र कम्प्युटरको प्रयोग
6S03.00	जीवहरू र तिनीहरूको बनोट
6S03.01	जीवहरूको अनुकूलता
6S03.02	खानाका आधारमा जनावरको वर्गीकरण
6S03.03	ढाड भएका जनावरहरू
6S03.04	फूल फुल्ने र फूल नफुल्ने बिरुवाहरू
6S04.00	जैविक विविधता र वातावरण
6S04.01	वातावरण
6S04.02	वातावरणमैत्री व्यवहार
6S04.03	पारिस्थितिक प्रणाली
6S04.04	बिरुवा, जनावर र सूक्ष्मजीवबिचको अन्तरसम्बन्ध
6S05.00	जीवन प्रक्रिया
6S05.01	पोषण प्रक्रिया
6S05.02	प्रकाश संश्लेषण प्रक्रिया
6S06.00	बल र चाल
6S06.01	चाल र यसका प्रकार
6S06.02	बल
6S06.03	सरल यन्त्र
6S07.00	दैनिक जीवनमा शक्ति
6S07.01	शक्तिका रूपहरू
6S07.02	ताप
6S07.03	प्रकाश
6S07.04	ध्वनि
6S08.00	विद्युत् र चुम्बकत्व
6S08.01	विद्युत् र चुम्बकत्व
6S08.02	विद्युत्
6S09.00	पदाथ
6S09.01	मिश्रण
6S09.02	घोल, कोलोइड र सस्पेन्सन
6S10.00	दैनिक प्रयोगका सामग्रीहरू
6S10.01	केही उपयोगी रसायनहरू
6S10.02	धातु र अधातुको परिचय
6S11.00	पृथ्वी र अन्तरिक्ष
6S11.01	माटो
6S11.02	पृथ्वी
6S11.03	सौर्यमण्डल
7S01	नाप
7S02	बल र गति
7S03	सरल यन्त्र
7S04	चाप
7S05	शक्ति, कार्य र सामथ्र्य
7S06	ताप
7S07	प्रकाश
7S08	ध्वनी
7S09	चुम्बक
7S10	विद्युत्
7S11	पदार्थ
7S12	मिश्रण
7S13	धातु र अधातु
7S14	केही उपयोगी रसायनहरू
7S15	सजीवहरू
7S16	कोष र तन्तु
7S17	जीवन प्रक्रिया
7S18	पृथ्वीको बनावट
7S19	मौसम र हावापानी
7S20	पृथ्वी र अन्तरिक्ष
7S21	वातावरण र यसको सन्तुलन
7S22	वातावरणीय हास तथा यसको संरक्षण
7S23	वातावरण र दिगो विकास
8S01	नाप
8S02	गति र प्रवेग
8S03	सरल यन्त्र
8S04	चाप
8S05	शक्ति, कार्य र सामर्थ्य
8S06	ताप
8S07	प्रकाश
8S08	ध्वनि
8S09	चुम्बकत्व
8S10	विद्युत्
8S11	पदार्थ
8S12	मिश्रण
8S13	धातु र अधातु
8S14	अम्ल, क्षार र लवण
8S15	केही उपयोगी रसायनहरू
8S16	सजीवहरु
8S17	कोष र तन्तु
8S18	जीवन प्रक्रिया
8S19	पृथ्वीको बनोट
8S20	मौसम र हावापानी
8S21	पृथ्वी र अन्तरिक्ष
8S22	वातावरण र यसको सन्तुलन
8S23	वातावरणीय ह्रास तथा यसको संरक्षण
8S24	वातावरण र दिगो विकास
9S01	नाप
9S02	बल
9S03	यन्त्र
9S04	कार्य, शक्ति र सामर्थ्य
9S05	प्रकाश
9S06	ध्वनि
9S07	धारा विद्‌यूत्‌ र चूम्बकत्व
9S08	तत्त्वहरूको वर्गीकरण
9S09	रासायनिक प्रतिक्रिया
9S10	घोल्यमात्रा
9S11	केही ग्याँसहरू
9S12	धातु
9S13	कार्बन र यसको यौगिकहरू
9S14	पानी
9S15	कृषिमा प्रयोग हूने रासायनिक मल
9S16	बिरुवाहरू र जनावरहरूको वर्गीकरण
9S17	जीवहरूको अनुकूलता
9S18	प्रणाली
9S19	ज्ञानेन्द्रियहरू
9S20	क्रम विकास
9S21	प्रकृति र वातावरण
9S22	प्राकृतिक प्रकोप
9S23	हरित गृह
9S24	ब्रह्‌माण्डमा पृथ्वी
10S01	बल
10S02	चाप
10S03	ऊर्जा
10S04	ताप
10S05	प्रकाश
10S06	धारा विद्‌युत र चुम्बकत्व
10S07	तत्तवहरूको वर्गीकरण
10S08	रासायनिक प्रतिक्रिया
10S09	अम्ल, क्षार र लवण
10S10	केही ग्याँसहरू
10S11	धातुहरू
10S12	हाइड्रोकार्बन र यसका यौगिकहरू
10S13	दैनिक जीवनमा प्रयोग हूने वतुहरू
10S14	ढाड नभएका जनावरहरू
10S15	मानव स्नायु र ग्रन्थि प्रणाली
10S16	मानव शरीरमा रक्त सञ्चार क्रिया
10S17	क्रोमोजोम र लिङ्‌ग निर्धारण
10S18a	अमैथुनिक र मैथुनिक प्रजनन
10S18b	बिरुवामा हुने कृत्रिम प्रजनन
10S19	वंशानुक्रम
10S20	वातावरणीय प्रदूषण र व्यवस्थापन
10S21	पृथ्वीको इतिहास
10S22	जलवायु परिवर्तन र वायु मण्डल
10S23	ब्रह्‌माण्ड
10CS01.01	नेटवर्किङ र दूरसञ्‍चार प्रविधि
10CS01.02	सूचना तथा सञ्‍चार प्रविधिका नैतिक तथा सामाजिक पक्ष
10CS01.03	कम्प्युटरको सुरक्षा
10CS01.04	इ–कमर्स
10CS01.05	समसामायिक प्रविधिहरू
10CS01.06	नम्बर प्रणाली
10CS02.01	डाटाबेस व्यवस्थापन प्रणाली
10CS03.01	क्युबेसिक प्रोग्रामिङको परिचय
10CS03.02	मोड्‍युलर प्रोग्रामिङ
10CS03.03	QBASIC मा फाइलको प्रयोग
10CS04.01	स्ट्रक्चर्ड प्रोग्रामिङ– सी
6H01	मानव शरीर
6H02	सामुदायिक स्वास्थ्य तथा मानसिक स्वास्थ्य
6H03	पोषण र खाद्य सुरक्षा
6H04	रोग, सुरक्षा र प्राथमिक उपचार
6H05	यौनिक र प्रजनन स्वास्थ्य
6H06	शारीरिक कसरत र कवाज
6H07	एथलेटिक्स र साहसिक क्रियाकलाप
6H08	खेलहरू
6H09	योग
6H10	कलाको परिचय, रेखाङ्‌कन र रङ
6H11	छपाइ, माटाको काम, कोलाज र निर्माण
6H12	गायन र वादन
6H13	नृत्य र अभिनय
7H01.00	स्वास्थ्य शिक्षा
7H01.01	मानव शरीर
7H01.02	व्यक्तिगत स्वास्थ्य
7H01.03	पोषण
7H01.04	रोग
7H01.05	किशोरावस्था, यौन तथा प्रजनन स्वास्थ्य
7H01.06	लागुपदार्थ, धूमपान र मद्‌यपान
7H01.07	वातावरणीय स्वास्थ्य
7H01.08	सुरक्षा तथा प्राथमिक उपचार
7H01.09	पारिवारिक र सामुदायिक स्वास्थ्य
7H02.00	शारीरिक शिक्षा
7H02.01	कसरत
7H02.02	कवाज
7H02.03	शारीरिक व्यायाम
7H02.04	योग
7H02.05	खेल
7H02.06	एथ्‍लेटिक्स
8H01.00	स्वास्थ्य शिक्षा
8H01.01	मानव शरीर
8H01.02	व्यक्तिगत स्वास्थ्य
8H01.03	पोष०ा
8H01.04	रोग
8H01.05	किशोरावस्था, यौन तथा प्रजनन स्वास्थ्य
8H01.06	लागु पदार्थ, धूमपान र मद्‌यपान
8H01.07	वातावरणीय स्वास्थ्य
8H01.08	सुरक्षा तथा प्राथमिक उपचार
8H01.09	पारिवारिक र सामुदायिक स्वास्थ्य
8H02.00	शारीरिक शिक्षा
8H02.01	कसरत
8H02.02	कवाज
8H02.03	शारीरिक व्यायाम
8H02.04	योग
8H02.05	खेल
8H02.06	एथलेटिक्स
9H01	स्वास्थ्य जनसङ्‌ख्या तथा वातावरण शिक्षाको अवधारणा
9H02	जन साङ्‌ख्यिकी र जनसङ्‌ख्या परिवर्तन
9H03	जनसङ्‌ख्या, वातावरण र विकास
9H04	नेपालको जन साङ्‌ख्यिक स्थिति र वातावरण
9H05	पारिवारिक जीवन शिक्षा
9H06	प्राकृतिक स्रोत तथा जैविक विविधत
9H07	वातावरणीय स्वास्थ्य
9H08	किशोरावस्था, यौन तथा प्रजनन्‌ स्वास्थ्य
9H09	उपभोक्ता स्वास्थ्य
9H10	प्राथमिक स्वास्थ्य हेरचाह र जोखिमप्रति सावधानी तथा सुरक्षा
10H01	स्वास्थ्य प्रवर्धन र मानसिक स्वास्थ्य
10H02	मानव शरीर
10H03	बृहत् यौनिकता शिक्षा
10H04	विद्यालय स्वास्थ्य र सुरक्षित विद्यालय वातावरण
10H05	रोगहरू
10H06	पोषण
10H07	खेल विज्ञान
10H08	कवाज तथा शारीरिक व्यायाम
10H09	एथलेटिक्स
10H10	खेलहरू
10H11	ब्याडमिन्टन
10H12	योगा
6V06.03	विक्रेता सिप
6V06.04	हाट बजार
6V07.00	तरकारी खेती
6V07.01	करेसाबारीको परिचय
6V08.00	फलफूल खेती
6V08.01	स्‍थानीय स्तरका फलफूल खेतीको परिचय
6V09.00	सुख्खा तरकारी, फलफूल तथा खाद्य सामग्री
6V09.01	सूख्खा तरकारी तथा फलफूल बनाउने तरिका
6V09.02	केही खाद्‌य सामग्री बनाउने तरिका
6V10.00	फूल तथा जडीबुटी खेती
6V10.01	फुल खेतीको परिचय
6V10.02	जडीबूटीको परिचय र महत्त्व
6V11.00	पशुपक्षीको स्याहार र हेरचाह
6V11.01	(क) भेडा/ बाख्रा/च्याङ्‌ग्रा पालन
6V11.02	(ख) गाई/भैँसी पालन
6V11.03	(ग) कुखूरा/हाँस पालन
6V11.04	(घ) बङ्‌गुर पालन
6V11.05	(ङ) माछा पालन
6V11.06	(च) मौरी पालन
6V12.00	शिल्पकला
6V12.01	कागजको परिचय र महत्तव
6V12.02	ओरिगामी र किरिगामी प्रविधिबाट सामग्री निर्माण
6V12.03	बेतबाँस, पराल, छ्वाली, बाबियो आदिबाट सामग्री निर्माण
6V12.04	खेर गएका वस्‍तुबाट सामग्री निर्माण
6V13.00	माटोको काम
6V13.01	माटोबाट सामान बनाउने काय
6V14.00	सिलाइ बुनाइ
6V14.01	सिलाइ बुनाइ
6V14.02	फेब्रिक पेन्टिङ
6V15.00	स्थानीय प्रविधि
6V15.01	हाम्रा स्थानीय प्रविधिहरू
6V15.02	स्थानीय स्तरमा प्रयोगमा आउने सामान्य उपकरणहरू
6V16.00	आधुनिक प्रविधि
6V16.01	आधुनिक प्रविधिको परिचय र महत्त्व
6V16.02	सूचना प्रविधिको परिचय र महत्त्व
6V16.03	सूचना स्रोतका रूपमा कम्प्‍युटर
6V16.04	वैकल्पिक ऊर्जाको परिचय र महत्त्व
7V01.00	पेसागत शिक्षा
7V01.01	पेसा र पेसागत शिक्षा
7V01.02	पेसाको वर्गीकरण
7V01.03	पेसा र तालिमको सम्बन्ध
7V01.04	प्राविधिक पेसा
7V01.05	चिकित्सा क्षेत्रसँग सम्बन्धित पेसा र जनशक्ति
7V01.06	इन्जिनियरिङ क्षेत्रसँग सम्बन्धित पेसा र जनशक्ति
7V01.07	कृषि तथा वन क्षेत्रसँग सम्बन्धित पेसा र जनशक्ति
7V01.08	वित्तीय क्षेत्रसँग सम्बन्धित पेसा र जनशक्ति
7V01.09	पर्यटन क्षेत्रसँग सम्बन्धित पेसा र जनशक्ति
7V01.10	शिक्षण सेवा क्षेत्रसँग सम्बन्धित पेसा र जनशक्ति
7V01.11	सार्वजनिक सेवा क्षेत्रसँग सम्बन्धित पेसा र जनशक्ति
7V02.00	रोजगारी, तालिम तथा शिक्षा
7V02.01	क्षेत्रीय तथा राष्ट्रिय रोजगारीको परिचय र महत्त्व
7V02.02	साधारण तथा व्यावसायिक तालिमको प्रकार
7V02.03	प्राविधिक शिक्षा तथा व्यावसायिक तालिम
7V02.04	प्राविधिक शिक्षा तथा व्यावसायिक तालिम प्रदायक संस्थाहरू
7V03.00	रोजगारसम्बन्धी सूचना
7V03.01	क्षेत्रीय तथा राष्ट्रियस्तरका रोजगारका सूचना प्राप्तिका स्रोतहरू
7V04.00	सामान्य व्यावसायिक सिप
7V04.01	सामान्य व्यावसायिक सिपको परिचय र प्रयोग
7V05.00	व्यवसायको किसिम
7V05.01	साना, मझौला तथा ठुला व्यवसाय
7V05.02	व्यवसाय सञ्चालनका आधारभूत तत्त्व
7V05.03	स्थानीय स्तरमा चलेका व्यवसाय
7V05.04	व्यवसायको छनोट, व्यवस्थापन र सञ्चालन
7V06.00	व्यापार र बजार व्यवस्थापन
7V06.01	व्यापार र व्यवसायको सम्बन्ध
7V06.02	व्यापारको खोजी तथा सहकार्य सिप
7V06.03	व्यापारिक सिपमा आधुनिकीकरण
7V06.04	कृषिमा आधारित व्यापारको खोजी तथा सहकार्य सिप
7V06.05	वस्‍तु तथा सेवाको मूल्य निर्धारण प्रक्रिया
7V07.00	तरकारी खेती
7V07.01	मौसमी र बेमौसमी तरकारी खेतीको परिचय
7V07.02	प्राङ्‌गारिक मल र रासायनिक मल
7V07.03	गँड्यौला खेती
7V07.04	कम्पोस्‍ट मल बनाउने तरिका
7V07.05	थोपा सिँचाइको परिचय र प्रयोग
7V07.06	करेसाबारीमा मौसमअनुसार खेती र हेरचाह
7V07.07	हानिकारक रोग र किराबाट संरक्षण
7V08.00	फलफूल खेती
7V08.01	फलफूलको नर्सरी
7V08.02	स्थानीय र उन्नत जातका फलफूलको पहिचान
7V08.03	फल टिप्ने समय र तरिका
7V08.04	फलफूलको संरक्षण गर्ने तरिका
7V08.05	फलफूल टिप्‍ने तरिका र सामाग्री
7V08.06	फलफूलको भन्डारण गर्ने स्थानीय प्रविधि
7V08.07	प्याकेजिङ तथा ढुवानी गर्ने तरिका
7V08.08	फलफूलमा लाग्ने रोग तथ किरा पहिचान र परम्परागत रोकथाम
7V09.00	सुक्खा तरकारी, फलफूल तथा खाद्य सामग्री
7V09.01	सुक्खा तरकारीको उत्पादन, प्रशोधन र भन्डारण
7V09.02	फलफूलको चाना वा सुकुटी उत्पादन, प्रशोधन र भन्डारण
7V09.03	रेसिपीको परिचय र अध्ययन
7V09.04	अचार, चुक, तोफु, छुर्पी, जुस उत्पादन, प्रशोधन र सुरक्षित भन्डारण
7V09.05	बेसार, सूठो, मस्यौरा र तितौराको उत्पादन, प्रशोधन तथा सुरक्षित भन्डारण
7V10.00	फूल तथा जडीबुटी खेती
7V10.01	फूल खेती
7V10.02	जडीबुटी खेती
7V11.00	पशुपक्षीको स्याहार र हेरचाह
7V11.01	भेडा, बाख्रा तथा च्याङ्‌ग्रा पालन
7V11.02	गाई र भैँसी पालन
7V11.03	कुखुरा र हाँस पालन
7V11.04	बङ्‌गुर पालन
7V11.05	माछा पालन
7V11.06	मौरी पालन
7V12.00	शिल्पकला
7V12.01	कागजबाट विभिन्न वस्तुहरूको निर्माण
7V12.02	ओरिगामी र किरिगामी
7V12.03	बासँ, पराल, छ्वाली तथा बाबियोबाट सामग्री निर्माण
7V12.04	खेर गएका वस्तूहरूबाट सामग्री निर्माण
7V12.05	काठ र ढुङ्‌गामा साधारण कुँदाइ
7V12.06	निर्मित वस्तु रङ्‌गाउने काम
7V13.00	माटोको काम
7V13.01	माटोबाट विभिन्न ज्यामितीय आकार निर्माण
7V13.02	माटोबाट फलफूल, तरकारी, जनावर तथा घरायसी सामान निर्माण
7V14.00	सिलाइ तथा बुनाइ
7V14.01	सजावटी सिलाइ टाँका
7V14.02	रुमाल बनाउने तरिका
7V14.03	हाते बुनाइ
7V14.04	फेब्रिक पेन्टिङ
7V15.00	स्थानीय प्रविधि
7V15.01	परम्परागत तथा आधुनिक प्रविधिको अन्तरसम्बन्ध
7V15.02	दैनिक प्रयोगका उपकरणहरूको सुरक्षित प्रयोग
7V15.03	केही परम्परागत प्रविधिका सिद्‌धान्तहरू
7V16.00	आधुनिक प्रविधि
7V16.01	घरायसी प्रयोजनका लागि विद्‌यूत्‌को उपयोग
7V16.02	घरायसी प्रयोगका आधुनिक उपकरण
7V16.03	प्रविधिको परिचय र महत्त्व
7V16.04	रेडियो, एफएम तथा टेलिभिजनको प्रसारण प्रक्रिया
7V16.05	सञ्चारका साधनका रूपमा कम्प्यूटर
7V16.06	वैकल्पिक ऊर्जा
8V01.00	पेसागत शिक्षा
8V01.01	मध्यम र उच्च स्तरीय पेसा
8V01.02	इन्जिनियरिङ क्षेत्रसंग सम्बन्धित पेसा र जनशक्ति
8V01.03	कृषि क्षेत्रसंग सम्बन्धित पेसा र जनशक्ति
8V01.04	वित्त क्षेत्रसंग सम्बन्धित पेसा र जनशक्ति
8V01.05	पर्यटन क्षेत्रसंग सम्बन्धित पेसा र जनशक्ति
8V01.06	शिक्षण क्षेत्रसंग सम्बन्धित पेसा र जनशक्ति
8V01.07	सार्वजनिक सेवामा आधारित पेसा र जनशक्ति
8V01.08	पेसा र शिक्षाको सम्बन्ध
8V02.00	शिक्षा, तालिम र रोजगारी
8V02.01	मध्यम तथा उच्च स्तरीय साधारण शिक्षा प्रदायक संस्था
8V02.02	मध्यम तथा उच्च स्तरीय प्राविधिक शिक्षा प्रदायक संस्था
8V02.03	पेसाको क्षेत्र र छनोट प्रक्रिया
8V03.00	रोजगारी सम्बन्धी सूचना
8V03.01	अन्तर्राष्‍ट्रिय तथा वैदेशिक रोजगारी सम्बन्धी सूचना प्राप्तिको स्रोत
8V03.02	वैदेशिक रोजगारीको सूचना प्राप्त गर्ने तरिका
8V03.03	वैदेशिक रोजगारी सम्बन्धी आधारभूत जानकारी
8V03.04	अन्तर्राष्‍ट्रिय रोजगारी
8V03.05	वैदेशिक रोजगारीका अवसर र चुनौती
8V04.00	जीवनोपयोगी सिपहरू
8V04.01	निर्णय सिप
8V04.02	समस्या समाधान गर्ने सिप
8V04.03	विश्लेषण सिप
8V05.00	व्यवसाय सञ्‍चालन
8V05.11	छनोट प्रक्रिया
8V05.12	उद्यमशील शिक्षा
8V05.13	व्यवसाय सञ्‍चालन योजनाको ढाँचा
8V05.21	स्थानीय स्तरमा सञ्‍चालित उद्योग
8V06.00	व्यवसाय अभिमुखीकरण
8V06.01	बजार व्यवस्थापन
8V06.02	बजार तथा उद्यमशीलताको सम्बन्ध
8V06.03	मूल्य निर्धारण र आयव्ययको व्यवस्थापन
8V06.04	विश्‍व व्यापार सङ्‍‌गठन
8V07.00	तरकारी खेती
8V07.01	बेमौसमी तरकारी खेती
8V07.02	अन्तरबाली तरकारी खेती
8V07.03	च्याउ खेती
8V07.04	कौसी वा छतमा तरकारी खेती
8V07.05	अर्गानिक तरकारी खेती
8V07.06	तरकारी बजारको पहिचान
8V07.07	मौसमअनुसार तरकारी भण्डारण
8V07.08	तरकारीको बिउ उत्पादन र भण्डारण
8V07.09	प्राङ्‌गारिक मल
8V07.10	गँड्यौला खेती
8V07.11	रोग र किराबाट संरक्षण गर्ने आधुनिक तरिका
8V08.00	फलफुल खेती
8V08.01	फलफुलको बिउ र वानस्पतिक प्रजनन
8V08.02	फलफुलका बिरुवाको काँटछाँट
8V08.03	फलफुल भण्डारण
8V08.04	फलफुल खेतीको योजना
8V09.00	सुक्खा तरकारी, फलफुल तथा विभिन्‍न खाद्य परिकार
8V09.10	सुक्खा तरकारी तथा फलफुलको प्रशोधन
8V09.21	विभिन्‍न खाद्य परिकार १. चप २. पकौडा
8V09.23	३. मःमः का परिकार
8V09.24	४. पाउरोटी ५. डोनट
8V09.27	६. समोसा ७. केक
8V09.28	८. जाम
8V09.29	९. सेल
8V10.00	फुल तथा जडीबुटी खेती
8V10.01	फुलबारी निर्माण
8V10.02	जडीबुटीको प्रयोग
8V11.00	पशुपक्षी स्याहार र हेरचाह
8V11.01	भेडाबाख्रा तथा च्याङ्ग्रा पालन
8V11.02	गाईभैँसी तथा चौंरी पालन
8V11.03	बङ्गुर पालन
8V11.04	खरायो पालन
8V11.05	माछा पालन
8V11.06	कुखुरा तथा हाँस पालन
8V11.07	मौरी पालन
8V12.00	शिल्पकला
8V12.10	कागजका विभिन्‍न सामग्री निर्माण
8V12.11	करोगेटेड कार्डबोर्ड
8V12.12	बाकस निर्माण
8V12.13	निमन्‍‌त्रणा कार्ड निर्माण
8V12.14	चङ्‌गा निर्माण
8V12.15	बिक्री वितरण
8V12.20	विभिन्‍न घरायसी सामग्री निर्माण
8V12.21	मान्द्रो
8V12.22	मान्द्रो
8V12.30	खेर गएका वस्तुको पुनः प्रयोग
8V12.40	काठ तथा ढुङ्‌गामा कुँदाइ
8V12.50	वस्तु रङ्‌गाउने र टल्काउने
8V13.00	माटाको काम
8V13.01	विभिन्‍न आकृति निर्माण
8V13.02	सेरामिक्स
8V13.03	माटाको भाँडामा रङको प्रयोग
8V13.04	उत्पादित माटाको सामग्रीको बिक्री वितरण र हिसाब किताब
8V14.00	सिलाइ बुनाइ
8V14.01	सिलाइ मेसिनको परिचय
8V14.02	शरीरको नाप लिने तरिका र ड्राफ्टिङको परिचय र आवश्यक्ता
8V14.03	एप्रोन
8V14.04	टाँक लगाउने तरिका
8V14.05	रफ्फु
8V14.06	टोपी र गलबन्दी बुनाइ
8V15.00	प्रविधि शिक्षा (स्थानीय प्रविधि)
8V15.01	स्थानीय ज्ञान र प्रविधि
8V15.02	परम्परागत प्रविधिको विकास
8V15.03	हलो र ट्याक्टर
8V15.04	सुधारिएको चुलो
8V15.05	वर्षाको पानी सङ्‌कलन
8V16.00	प्रविधि शिक्षा (आधुनिक प्रविधि)
8V16.01	घरायसी प्रयोगका आधुनिक उपकरण
8V16.02	केही आधुनिक प्रविधि एवम् उपकरण
8V16.03	वैकल्पिक ऊर्जा
8V16.04	इन्टरनेटको प्रयोग तथा सूचना प्रविधिमा आचार संहिता
4SS01.00	एकाइः एक  आफू, आफ्नो परिवार र छरछिमेक
4SS01.01	मेरा टोल छमेकीहरू
4SS01.02	पेसागत सामान
4SS01.03	पेसागत सामानको प्रयोग र सुरक्षा
4SS01.04	छिमेकीसँगको आपसी सहयोग
4SS02.00	एकाइः दुई  हाम्रो परम्परा, सामाजिक मूल्य र मान्यता
4SS02.01	हाम्रा मान्यजनहरू
4SS02.02	हाम्रो भाषा र वेशभूषा
4SS02.03	हाम्रा संस्कार र चाडपर्व
4SS02.04	जन्मस्थानको महत्त्व
4SS02.05	कति राम्रो मेरो ठाउँ
4SS02.06	हाम्रो जिल्लाका राम्रो काम गर्ने व्यक्ति
4SS03.00	एकाइः तीन  सामाजिक समस्या र समाधान
4SS03.01	हामी सहयोग गरौँ
4SS03.02	कुलतबाट बचौँ
4SS03.03	सामाजिक कुरीतिहरू
4SS03.04	झगडाको समाधान
4SS03.05	सामाजिक कुरीति हटाउने उपायहरू
4SS03.06	सेवा प्रदान गर्ने संस्थाहरू
4SS03.07	सामाजिक सङ्घसंस्थाको काम
4SS04.00	एकाइः चार  नागरिक चेतना
4SS04.01	हाम्रो अधिकार
4SS04.02	बालसहभागिता
4SS04.03	प्राकृतिक सम्पदा
4SS04.04	हाम्रो संस्कृतिक सम्पदा
4SS04.05	सार्वजनिक ठाउँको सरसफाइ
4SS04.06	ट्राफिक नियम
4SS04.07	गाउँ विकास समिति
4SS04.08	नगरपालिका
4SS04.09	समान व्यवहार
4SS05.00	एकाइः पाँच  हाम्रो पृथ्वी
4SS05.01	हाम्रो जिल्ला
4SS05.02	नक्सामा कञ्चनपुर जिल्ला
4SS05.03	पृथ्वीको उत्पत्ति
4SS05.04	पृथ्वीको बनोट
4SS05.05	हाम्रो छिमेकी देश भारत
4SS05.06	हाम्रो छिमेकी देश चीन
4SS06.00	एकाइः छ  हाम्रो विगत
4SS06.01	म बसेको ठाउँको इतिहास
4SS06.02	हाम्रो ऐतिहासिक सम्पदा
4SS06.03	नेपाल नाम कसरी रह्यो
4SS06.04	हाम्रा वीर सहिदहरू
4SS06.05	सहिदको खोजी र सम्मान
4SS07.00	एकाइः सात  हाम्रो आर्थिक क्रियाकलाप
4SS07.01	काम गर्ने बानी
4SS07.02	कामको सम्मान
4SS07.03	मितव्ययी हुने बानी
4SS07.04	हाम्रो विकास क्षेत्रको उत्पादन
4SS07.05	हाम्रो आर्थिक गतिविधि
4SS08.00	दृश्यकला
4SS08.01	आफ्ना सोचहरू चित्रबाट देखाऔँ
4SS08.02	हेरेर चित्र कोरौँ
4SS08.03	रूख, जनावर र चराहरू कोरौँ
4SS08.04	रङ मिलाऔँ
4SS08.05	गाढा र फिक्का रङ बनाऔँ
4SS08.06	चित्रबाट मनको कुरा भनौँ
4SS08.07	मिलेर चित्र बनाऔँ
4SS08.08	छपाइ कार्य गरौँ
4SS08.09	स्टेन्सिलबाट छपाइ कार्य गरौँ
4SS08.10	कोलाज बनाऔँ
4SS08.11	योजना गरेर स्थान भरौँ
4SS08.12	थरीथरीका वस्तुहरूको उपयोग गरौँ
4SS08.13	माटोबाट विभिन्न वस्तु बनाऔँ
4SS08.14	माटाको पाताबाट विभिन्न वस्तु बनाऔँ
4SS08.15	कागजबाट विभिन्न वस्तु बनाऔँ
4SS08.16	पुराना वस्तुहरूबाट नयाँ वस्तुको निर्माण गरौँ
4SS08.17	तारबाट पनि वस्तु बनाऔँ
4SS08.18	डोरी प्रयोग गरी निर्माण कार्य गरौँ
4SS08.19	कागजका बट्टाबाट वस्तु बनाऔँ
4SS08.20	बुनाइ कार्य गरौँ
4SS09.00	सङ्गीत
4SS09.01	सवर अभ्यास गरौँ
4SS09.02	म मादल बजाउँछु
4SS09.03	म गीत गाउँछु
4SS09.04	स्थानीय गीत गाऔँ
4SS09.05	झ्याउरे (पश्चिमेली)
4SS09.06	राष्ट्रिय गीत गाऔँ
4SS09.07	बालगीत गाऔँ
4SS09.08	गोडासँगै हात चलाउँदै घुमीघुमी नाचौँ
4SS09.09	झ्याउरे तालमा नृत्य गरौँ
4SS09.10	हस्तमुद्रा
4SS09.11	अभिनय गरौँ
5SS01.00	एकाइः एक  आफू, आफ्नो परिवार र छरछिमेक
5SS01.01	मेरा छिमेकीको पेसा
5SS01.02	छिमेकीहरूसँगको व्यवहार
5SS01.03	समुदायको काममा सहयोग
5SS01.04	समान व्यवहार
5SS01.05	अरूलाई पनि बुझौँ
5SS02.00	एकाइः दुई  हाम्रो परम्परा, सामाजिक मूल्य र मान्यता
5SS02.01	हाम्रो परम्परा
5SS02.02	हाम्रो भाषा र वेषभूषा
5SS02.03	हाम्रा चाडपर्वहरू
5SS02.04	हाम्रो देश हाम्रो गौरव
5SS02.05	हाम्रो जिल्लाका असल मानिस
5SS03.00	एकाइः तीन  सामाजिक समस्या र सामाधान
5SS03.01	कुलतबाट बचौँ र बचाऔँ
5SS03.02	चोरी, डकैती र यसबाट बच्ने उपाय
5SS03.03	अनावश्यक नक्कल नगरौँ
5SS03.04	मेलमिलाप
5SS03.05	सामाजिक सङ्घसंस्था
5SS03.06	हाम्रा स्थानीय निकायहरूको भूमिका
5SS04.00	एकाइः चार  नागरिक चेतना
5SS04.01	हाम्रो अधिकार
5SS04.02	हाम्रा कर्तव्यहरू
5SS04.03	हाम्रो राष्ट्रिय सम्पदा
5SS04.04	हाम्रा सामाजिक नियमहरू
5SS04.05	जिल्ला विकास समिति
5SS04.06	जिल्ला विकास समितिका कार्यहरू
5SS04.07	समान व्यवहार र आपसी मलेमिलाप
5SS05.00	एकाइः पाँच  हाम्रो पृथ्वी
5SS05.01	नेपालको प्राकृतिक स्वरूप
5SS05.02	नेपालको हावापानी र जनजीवन
5SS05.03	नेपालको प्राकृतिक वनस्पति
5SS05.04	हाम्रो देशको माटो
5SS05.05	नक्सा बनाउन सिकौँ
5SS05.06	नक्सामा सङ्केतहरू भरौँ
5SS05.07	ग्लोब र नक्साको प्रयोग
5SS05.08	हाम्रा छिमेकी देश बङ्गलादेश, पाकिस्तानर र भुटान
5SS05.09	हाम्रो छिमेकी राष्ट्र श्रीलङ्का, माल्दिभ्स र अफगानिस्तान
5SS06.00	एकाइः छ  हाम्रो विगत
5SS06.01	हाम्रा समुदायका ऐतिहासिक वस्तुहरू
5SS06.02	हाम्रा समुदायका ऐतिहासिक व्यत्तित्वहरू
5SS06.03	प्राचीन नेपाल
5SS06.04	हाम्रा राष्ट्रिय विभूतिहरूः जनक, सीता, बुद्ध, अरनिको, शङ्खधर र अंशुवर्मा
5SS06.05	हाम्रा राष्ट्रिय विभूतिहरूः पृथ्वीनारायण, बलभद्र र अमर सिंह
5SS06.06	हाम्रा राष्ट्रिय विभूतिहरूःपासाङ्ल्हामु, भीमसेन, भानुभक्त, मोतिराम, राम शाह र त्रिभुवन
5SS06.07	हाम्रा राष्ट्र प्रमुख तथा सरकार प्रमुख
5SS07.00	एकाइः सात  हाम्रो आर्थिक क्रियाकलाप
5SS07.01	डोल्माको जिल्लाका मानिसले गर्ने काम
5SS07.02	विद्यालयका सामानहरू
5SS07.03	स्वेदेशी उत्पादन
5SS07.04	स्वेदेशी सामानहरूको प्रयोग
5SS07.05	हाम्रो देशको आर्थिक क्रियाकलाप
5SS08.00	दृश्यकला
5SS08.01	मनमा लागेका कुराहरूको चित्र बनाऔँ
5SS08.02	रूख बिरुवा र वातावरणको चित्र कोरौँ
5SS08.03	विभिन्न जनावरहरूको चित्र बनाऔँ
5SS08.04	ज्यामितीय आकारबाट चित्र बनाऔँ
5SS08.05	रङ बनाऔँ
5SS08.06	रङ मिसाऔँ
5SS08.07	रङबाट अभिव्यक्ति
5SS08.08	भित्तेचित्र
5SS08.09	विभिन्न किसिमबाट छपाइ गरौँ
5SS08.10	स्टेन्सिल बनाइ छपाइ गरौँ
5SS08.11	सामूहिक योजना बनाऔँ
5SS08.12	विभिन्न किसिमका कोलाजहरू
5SS08.13	कागजमा रङ दलौँ
5SS08.14	माटोबाट विभिन्न वस्तुहरू बनाऔँ
5SS08.15	रिलिफ कार्य
5SS08.16	माटोबाट स्वतन्त्र अभिव्यक्ति
5SS08.17	कागजका विभिन्न वस्तु बनाऔँ
5SS08.18	कागजलाई काटेर बुट्टा बनाऔँ
5SS08.19	कागजको तोरण बनाऔँ
5SS08.20	कागजको थोँगा बनाऔँ
5SS08.21	खेर फालिने सामानहरूको प्रयोग गरौँ
5SS08.22	तारा र बट्टाबाट निर्माण गरौँ
5SS08.23	ज्यामितीय आकारबाट निर्माण गरौँ
5SS08.24	सिन्का र डोरीबाट निर्माण कार्य गरौँ
5SS08.25	कागजको पानाबाट निर्माण गरौँ
5SS08.26	कागजको बुनाइ
5SS08.27	समुदायमा हुने बुनाइ कार्य
5SS08.28	फ्रेममा बुनाइ कार्य गरौँ
5SS09.00	सङ्गीत
5SS09.01	स्वरको अभ्यास गरौँ
5SS09.02	म मादल, तबला र हार्मोनियम बजाउँछु
5SS09.03	राष्ट्रिय गान
5SS09.04	कक्षागत गीत
5SS09.05	स्थानीय गीत गाऔँ
5SS09.06	गीत गाऔँ
5SS09.07	नृत्यको परिचय
5SS09.08	नमस्कार नृत्य
5SS09.09	गोडा चलाउँदै अर्ध चन्द्रकार बनाई नृत्य गरौँ
5SS09.10	गोडा चलाउँदै गोलाकार बनार्ई नृत्य गरौँ
5SS09.11	स्थानीय लोक नाच
5SS09.12	हस्त मुद्रा
5SS09.13	अभिनय गरौँ
6SS01.00	हामी र हाम्रो समाज
6SS01.01	समाज र समुदाय
6SS01.02	समाज निर्माणका आधारहरू
6SS01.03	गाउँपालिका र यसले प्रदान गर्ने सेवाहरू
6SS01.04	नगरपालिका र यसले प्रदान गर्ने सेवाहरू
6SS01.05	स्थानीय तहमा विकास कार्यहरू
6SS01.06	विकासका पूर्वाधारहरू
6SS02.00	हाम्रा मानव मूल्य मान्यता
6SS02.01	आत्मअनुशासन
6SS02.02	सामाजिक व्यवहार
6SS02.03	हाम्रा चाडपर्वहरू
6SS02.04	हाम्रो राष्‍ट्रिय गौरव
6SS02.05	हाम्रा धार्मिक तथा सांस्कृतिक सम्पदा
6SS02.06	बालक्लब र स्काउट
6SS02.07	राष्‍ट्रिय व्यक्तित्व
6SS03.00	नागरिक चेतना, कर्तव्य र अधिकार
6SS03.01	हामी नागरिक
6SS03.02	हामी नागरिकः हाम्रा अधिकार
6SS03.03	हाम्रा कर्तव्य
6SS03.04	लोकतान्त्रिक मूल्य र मान्यता
6SS03.05	हामी बालबालिकाः हाम्रा अधिकार र कर्तव्य
6SS03.06	हाम्रा सामाजिक नियम
6SS03.07	हाम्रो सुरक्षा
6SS03.08	ट्राफिक नियमको पालना गरौँ
6SS04.00	सामाजिक समस्या र समाधान
6SS04.01	सामाजिक समस्या र विकृति
6SS04.02	सामाजिक समस्या र विकृतिको समाधान
6SS04.03	सामाजिक समस्या र विकृति समाधानमा व्यक्ति, परिवार र सङ्‌घसंस्थाको भूमिका
6SS04.04	विवाद
6SS04.05	विवाद समाधान
6SS05.00	हाम्रो विगत
6SS05.01	नेपालको एकीकरणः जनसहभागिता
6SS05.02	नेपाल एकीकरणमा राजेन्द्रलक्ष्मी र बहादुर शाह
6SS05.03	नेपाल अङ्‌ग्रेज युद्ध
6SS05.04	राणा शासनः राजनीतिक, सामाजिक र आर्थिक अवस्था
6SS05.05	वि.सं. २००७ देखि हालसम्मका राजनीतिक घटनाक्रम
6SS05.06	सामाजिक तथा आर्थिक उपलब्धिः वि.सं. २००७ देखि हालसम्म
6SS05.07	मिथिला सभ्यता
6SS06.00	नेपालका आर्थिक क्रियाकलापहरू
6SS06.01	हाम्रा आर्थिक क्रियाकलापः परिचय र महत्त्व
6SS06.02	हाम्रा आर्थिक क्रियाकलापः कृषि र उद्योग
6SS06.03	हाम्रा आर्थिक क्रियाकलापः सेवा र व्यापार
6SS06.04	हाम्रो पर्यटनः हाम्रो गौरव
6SS06.05	हाम्रा आर्थिक स्रोत साधनः भूमि र जलस्रोत
6SS06.06	हाम्रा आर्थिक साधनः वन, खनिज र मानव संसाधन
6SS07.00	हाम्रो पृथ्वी
6SS07.01	पृथ्वीको परिचय
6SS07.02	अक्षांश र देशान्तर
6SS07.03	पृथ्वीको बाहिरी तहको बनोट
6SS07.04	नेपालको भौगोलिक विवरण
6SS07.05	नेपालको हावापानी
6SS07.06	नदी, हिमनदी र तालहरू
6SS07.07	प्राकृतिक वनस्पति
6SS07.08	प्राकृतिक सम्पदा र मानव सम्बन्ध
6SS07.09	नेपालका प्राक्रृतिक स्रोतहरू
6SS07.10	नक्सा अध्ययन
6SS07.11	विपद् व्यवस्थापन
6SS08.00	जनसङ्ख्या र यसको व्यवस्थापन
6SS08.01	जनसङ्ख्या र जनसाङ्ख्यिकी
6SS08.02	जनगणना ऐतिहासिकता, परिचय र महत्त्व
6SS08.03	जनसङ्ख्या तथ्याङ्‌कका स्रोतहरू
6SS08.04	नेपालको जनसब्ख्याको अवस्था
6SS08.05	जनसङ्ख्या व्यवस्थापन
6SS08.06	जनसङ्ख्या व्यवस्थापन र स्थानीय निकायको भूमिका
6SS09.00	अन्तर्राष्‍ट्रिय सम्बन्ध, समसामयिक घटना र सूचना प्रविधि
6SS09.01	नेपालको अन्तर्राष्‍ट्रिय सम्बन्ध
6SS09.02	नेपालको विकासमा अन्तर्राष्‍ट्रिय सहयोग
6SS09.03	सूचना प्रविधि
6SS09.04	सामाजिक सञ्‍जालको उचित प्रयोग
6SS09.05	समसामयिक गतिविधि
7SS01.00	हामी र हाम्रो समाज
7SS01.01	समाजको उत्पत्ति र आवश्यकता
7SS01.02	समाजको विकास क्रम
7SS01.03	सामाजिकीकरण
7SS01.04	सामाजिकीकरणका माध्यम
7SS01.05	जिल्ला समन्वय समिति
7SS01.06	जिल्लाका विकास कार्यहरू
7SS02.00	हाम्रो सामाजिक मुल्य र मान्यता
7SS02.01	हाम्रो धार्मिक संस्कार
7SS02.02	हाम्रो सामाजिक संस्कार
7SS02.03	केही जातिगत संस्कार
7SS02.04	राष्ट्रको सम्मान र राष्ट्रियताको जगेर्ना
7SS02.05	हाम्रो रीतिरिवाजका केही प्रमुख पक्ष
7SS02.06	हाम्रो लोक संस्कृति
7SS02.07	नेपालको प्रथम वैज्ञानिक गेहेन्द्रसमसेर
7SS02.08	केही ऐतिहासिक व्यक्तित्व
7SS03.00	सामाजिक समस्या र समाधान
7SS03.01	सामाजिक समस्या र विकृति
7SS03.02	सामाजिक समस्या र विकृतिका कारण
7SS03.03	मानव बेचबिखन
7SS03.04	सामाजिक समस्या समाधानका उपाय
7SS03.05	सामाजिक समस्या समाधानमा विद्‌यालय र राष्ट्रिय सङ्‌घ संस्थाको भूमिका
7SS03.06	द्वन्द्व व्यवस्थापन
7SS03.07	सञ्चार र त्यसको प्रभाव
7SS03.08	शान्ति र यसको आवश्यकता
7SS04.00	नागरिक चेतना
7SS04.01	राज्यका आधारभूत तत्त्व : भूमि र जनसङ्‌ख्या
7SS04.02	राज्यका आधारभूत तत्त्व : सरकार, सार्वभौमसत्ता र संविधान
7SS04.03	मौलिक हक र कर्तव्य
7SS04.04	बाल अधिकार
7SS04.05	बाल अधिकार संरक्षणका प्रयास
7SS04.06	राष्ट्रिय सूचना आयोग
7SS04.07	लोकतान्त्रिक संस्कार
7SS04.08	समान व्यवहार
7SS04.09	सामाजिक नियम
7SS04.10	सामाजिक नियम पालनाको प्रभाव
7SS05.00	हाम्रो पृथ्वी
7SS05.01	अक्षांश र देशान्तरको परिच
7SS05.02	धरातलीय स्वरूप
7SS05.03	नेपालको भौगोलिक अवस्था
7SS05.04	विविधताको सङ्‌गम नेपाल
7SS05.05	नक्सा कार्य
7SS05.06	युरोप महादेशको भौतिक, आर्थिक र सामाजिक जनजीवन
7SS05.07	अस्ट्रेलिया महादेशको भौतिक, आर्थिक र सामाजिक जनजीवन
7SS05.08	जलवायु परिवर्तन
7SS05.09	जलवायु परिवर्तनको प्रभाव
7SS05.10	विपत्‌ व्यवस्थापन
7SS05.11	विपत्‌ व्यवस्थापनमा पूर्व सावधानीको महत्त्व
7SS06.00	हाम्रो विगत
7SS06.01	मध्यकालीन नेपालको परिचय
7SS06.02	मध्यकालीन नेपालको राजनीतिक अवस्था
7SS06.03	मध्यकालीन नेपालको सामाजिक अवस्था
7SS06.04	मध्यकालीन नेपालको आर्थिक अवस्था
7SS06.05	मध्यकालीन नेपालको कला र संस्कृति
7SS06.06	ह्‌वाङ्‌हो उपत्यकाको सभ्यता
7SS06.07	मेसोपोटामियाको सभ्यता
7SS07.00	हाम्रो आर्थिक क्रियाकलाप
7SS07.01	नेपालका प्राकृतिक स्रोत साधन र तिनको उपयोग
7SS07.02	प्राकृतिक स्रोत साधनका रूपमा वन र खनिज
7SS07.03	औद्‌योगिक क्रियाकलाप
7SS07.04	कृषि र उद्‌योगबिच सम्बन्ध
7SS07.05	व्यापारिक क्रियाकलाप
7SS08.00	हाम्रो अन्तर्राष्ट्रिय सम्बन्ध र सहयोग
7SS08.01	सार्क गतिविधि
7SS08.02	सार्कमा नेपालको भूमिका
7SS08.03	भूपरिवेष्टित देशको परिचय
7SS08.04	भूपरिवेष्टित देशका समस्या तथा समाधानका उपाय
7SS08.05	विश्वका समसामयिक गतिविधि
7SS09.00	जनसङ्‌ख्या शिक्षाको परिचय र जनसाङ्‌ख्यिक अवस्था
7SS09.01	जनसङ्‌ख्या शिक्षाको परिचय
7SS09.02	जनसङ्‌ख्या शिक्षाको क्षेत्र
7SS09.03	जनसङ्‌ख्या शिक्षाको विकास क्रम
7SS09.04	जनसङ्‌ख्या तथ्याङ्‌कका स्रोत
7SS09.05	जनसङ्‌ख्या तथ्याङ्‌कका स्रोतका रूपमा पञ्जीकरण
7SS09.06	नेपालको जनसङ्‌ख्या वृद्धिको प्रवृत्ति
7SS09.07	नेपालको जनसङ्‌ख्याको बनोट (उमेर, लिङ्‌ग र धर्मअनूसार)
7SS09.08	नेपालको जनसङ्‌ख्याको बनोट (भाषा, जातजाति अनुसार)
7SS09.09	भौगालिक क्षेत्रअनुसार नेपालको जनसङ्‌ख्या वितरण
7SS10.00	जनसङ्‌ख्या वृद्‌धि र व्यवस्थापन
7SS10.01	नेपालमा जनसङ्‌ख्या वृद्‌धिको अवस्था
7SS10.02	तीव्र जनसङ्‌ख्या वृद्‌धिका कारण र असर
7SS10.03	जनसङ्‌ख्या व्यवस्थापन र गूणस्तरीय जीवन
7SS10.04	जनसङ्‌ख्या व्यवस्थापनका उपाय
7SS10.05	गूणस्तरीय जीवनका उपाय
7SS10.06	पारिवारिक जीवन शिक्षा
7SS10.07	जनसङ्‌ख्या व्यवस्थापनमा संलग्न निकायको भूमिका
8SS01.00	हामी, हाम्रो समुदाय र राष्‍ट्र
8SS01.01	विकास
8SS01.02	सङ्‍घीय राज्य र प्रदेश
8SS01.03	खाने पानी
8SS01.04	ऊर्जा
8SS01.05	जनशक्ति
8SS01.06	नेपालमा विकास आयोजना
8SS01.07	पूनरवलोकन अभ्यास
8SS02.00	हाम्रो सामाजिक मूल्य र मान्यता
8SS02.01	नेपालका सामाजिक परम्परा र प्रचलन
8SS02.02	नेपालमा प्रचलित धर्महरू
8SS02.03	सामाजिक सद्‌भाव
8SS02.04	सून्दर फूलबारी नेपाल
8SS02.05	राष्‍ट्रिय सम्पदा
8SS02.06	अन्तर्राष्‍ट्रिय व्यक्तित्व
8SS02.07	पूनरवलोकन अभ्यास
8SS03.00	सामाजिक समस्या र समाधान
8SS03.01	सामाजिक समस्याहरू
8SS03.02	भ्रष्‍टाचार
8SS03.03	लागू पदार्थ दूर्व्यसन
8SS03.04	द्वन्द्व र त्यसको व्यवस्थापन
8SS03.05	दिगो विकास
8SS03.06	सूशासन
8SS03.07	अन्तर्राष्‍ट्रिय सङ्‌ग संस्थाहरू
8SS03.08	पूनरवलोकन अभ्यास
8SS04.00	नागरिक चेतना
8SS04.01	सामाजिक नियम
8SS04.02	मानव अधिकार
8SS04.03	महिला अधिकार
8SS04.04	समावेशीकरण
8SS04.05	नेपालमा समावेशीकरण का प्रावधानहरू
8SS04.06	हाम्रो संविधानका विशेषताहरू
8SS04.07	नागरिक दायित्व
8SS04.08	व्यवस्थापिका
8SS04.09	कार्यपालिका
8SS04.10	न्यायपालिका
8SS04.11	पूनरवलोकन अभ्यास
8SS05.00	हाम्रो पृथ्वी
8SS05.01	हाम्रो पृथ्वी
8SS05.02	मौसम र हावापानी
8SS05.03	धरातलको तापक्रममा प्रभाव पार्ने तत्त्वहरू
8SS05.04	जलवायू परिवर्तन
8SS05.05	अक्षांश र देशान्तरको प्रभाव
8SS05.06	नेपालका जिल्ला र अञ्‍चल
8SS05.07	नक्सा अध्ययनमा दूरीको प्रयोग
8SS05.08	नेपालको नक्सा
8SS05.09	भुकम्प
8SS05.10	हावाहूरी
8SS05.11	अफ्रिका महादे
8SS05.12	उत्तर अमेरिका
8SS05.13	दक्षिण अमेरिकाको यात्रा
8SS05.14	पूनरवलोकन अभ्यास
8SS06.00	हाम्रो विगत
8SS06.01	नेपालको एकीकरण अभियानमा जनताको सहभागिता
8SS06.02	नेपालको एकीकरण
8SS06.03	एकीकरणको निरन्तरता र अन्त्य
8SS06.04	सूगौली सन्धिपछिको राजनीतिक घटना क्रम
8SS06.05	राणा कालीन राजनीतिक क्रियाकलाप
8SS06.06	राणा कालीन आर्थिक र सामाजिक कार्यहरू
8SS06.07	२००७ सालपछिको प्रमूख राजनीतिक घटना क्रम र उपलब्धि
8SS06.08	ग्रिस र रोमको सभ्यता
8SS06.09	पूनर्जागरण
8SS06.10	पूनरवलोकन अभ्यास
8SS07.00	हाम्रो आर्थिक क्रियाकलाप
8SS07.01	पर्यटन उद्‌योग
8SS07.02	वैदेशिक व्यापार
8SS07.03	मूद्रा
8SS07.04	बैङ्‌क
8SS07.05	वस्तूको मुल्य निर्धारण र मुल्य वृद्धि
8SS07.06	पूजी निर्माण र सहकारिता
8SS07.07	नेपालमा रोजगारीको अवस्था
8SS07.08	पूनरवलोकन अभ्यास
8SS08.00	हाम्रो अन्तर्राष्‍ट्रिय सम्बन्ध र सहयोग
8SS08.01	हाम्रा मित्र राष्‍ट्रहरू
8SS08.02	संयूक्त राष्‍ट्र सङ्‌घ र यसका अङ्‌गहरू
8SS08.03	संयूक्त राष्‍ट्र सङ्‌घ र नेपाल
8SS08.04	कुट्नीतिक नियोग
8SS08.05	अन्तर्राष्‍ट्रिय क्षेत्रमा नेपालको योगदान
8SS08.06	पूनरवलोकन अभ्यास
8SS09.00	जनसङ्ख्याको परिचय र जनसाङ्ख्यिक अवस्था
8SS09.01	जनसाङ्‌ख्यिकीको अवधारणा
8SS09.02	जनसाङ्‌ख्यिक आधारभुत मापन
8SS09.03	मृत्यू र बसाइ सराइ
8SS09.04	जनसङ्‌ख्या परिवर्तनका निर्धारकहरू
8SS09.05	नेपालको जनसङ्‌ख्या बनोद
8SS09.06	नेपालमा जनसङ्‌ख्या वितरण
8SS09.07	नेपालमा आन्तरिक र बाह्य बसाइ सराइ
8SS09.08	विश्‍वमा जनसङ्‌ख्याको आकार र वृद्धि दर
8SS09.09	पूनरवलोकन अभ्यास
8SS10.00	जनसङ्ख्या वृद्धि र व्यवस्थापन
8SS10.01	जनसङ्‌ख्या र गूणस्तरीय जीवन
8SS10.02	जनसङ्‌ख्या व्यवस्थापन गर्ने उपायहरू
8SS10.03	नेपालमा जनसङ्‌ख्या व्यवस्थापनका समस्याहरू
8SS10.04	अन्तर्राष्‍ट्रिय सङ्‌घ संस्थाहरूको भुमिका
8SS10.05	पूनरवलोकन अभ्यास
9SS01.00	हामी र हाम्रो समाज
9SS01.01	समाज विकास
9SS01.02	समाजका प्रकार
9SS01.03	असल समाजका तत्त्वहरू
9SS01.04	सामाजिकीकरण
9SS01.05	हाम्रो पहिचान
9SS01.06	राष्‍ट्रिय गौरव
9SS02.00	विकास र विकासका पुर्वाधार
9SS02.01	विकासको अवधारण
9SS02.02	विकासका पुर्वसर्तहरू
9SS02.03	विकासका पुर्वाधारहरू
9SS02.04	परम्परागत ज्ञान, सिप र प्रविधि तथा तिनको सिर्जनशील प्रयोग
9SS03.00	हाम्रो परम्परा सामाजिक मुल्य र मान्यता
9SS03.01	हाम्रा परम्परागत कला
9SS03.02	नेपाली मुर्तिकला
9SS03.03	नेपाली वास्तूकला
9SS03.04	धार्मिक सहिष्णुता र धर्म निरपेक्षता
9SS03.05	राष्‍ट्रिय व्यक्तित्व तथा विभूतिहरूको योगदान
9SS03.06	समानुभूति र सहयोग
9SS03.07	शान्ति र संस्कृति
9SS04.00	सामाजिक समस्याहरू र समाधान
9SS04.01	सामाजिक समस्या पहिचान र समाधान
9SS04.02	भ्रष्‍टाचार
9SS04.03	सामाजिक समस्याहरू : देह व्यापार, दुर्व्यसन र दूर्व्यवहार
9SS04.04	सामाजिक सुधारमा स्थानीय र राष्‍ट्रिय सङ्‌घ संस्थाको योगदान
9SS04.05	नेपालमा सामाजिक सूधारका लागि भएका प्रयासहरू
9SS04.06	द्वन्‍द्व चक्र र निरूपण
9SS05.00	नागरिक चेतना
9SS05.01	संविधानको परिचय
9SS05.02	नेपालको संवैधानिक विकास क्रम
9SS05.03	संविधान सभा
9SS05.04	मौलिक हक
9SS05.05	मौलिक हक र नागरिक कर्तव्य
9SS05.06	सुचनाको हक
9SS05.07	सूशासन
9SS05.08	कानूनी राज्य
9SS05.09	लोकतान्‍त्रिक आचरण
9SS05.10	नागरिक समाज
9SS05.11	शान्ति सूव्यवस्था
9SS05.12	विविधतामा एकता
9SS05.13	राष्‍ट्रियता र राष्‍ट्रिय सरोकारका विषय
9SS06.00	हाम्रो पृथ्वी
9SS06.01	देशान्तर र समय
9SS06.02	नेपालको धरातलीय स्वरूप
9SS06.03	नेपालको हावापानी
9SS06.04	नेपालको भौगोलिक विविधता र वनस्पति
9SS06.05	धरातलीय विविधता र जनजीवन
9SS06.06	नेपालको जलस्रोतको अवस्था र उपयोग
9SS06.07	नक्सा कार्य
9SS06.08	दूरी सम्बन्धी ज्ञान
9SS06.09	एसिया : भौगोलिक तथा प्राकृतिक वातावरण
9SS06.10	एसिया : आर्थिक क्रियाकलाप र सामाजिक जीवन
9SS06.11	यूरोप : भौगोलिक तथा प्राकृतिक वातावरण
9SS06.12	यूरोप : आर्थिक तथा सामाजिक जीवन
9SS06.13	अस्ट्रेलिया महादेशको भौगोलिक तथा प्राकृतिक वातावरण
9SS06.14	अस्ट्रेलिया : आर्थिक क्रियाकलाप र सामाजिक जनजीवन
9SS06.15	एसिया, यूरोप, अस्ट्रेलिया र नेपाल
9SS07.00	हाम्रो विगत
9SS07.01	ऐतिहासिक स्रोतहरूको खोजी, अध्ययन र तिनीहरूको संरक्षण
9SS07.02	बूद्‌धको जन्मभुमि कपिलवस्तूको शाक्यवंशीय इतिहास
9SS07.03	पृथ्वीनारायण शाह र नेपालको एकीकरण अभियान
9SS07.04	नेपाल एकीकरणको प्रभाव
9SS07.05	नेपाल अङ्‌ग्रेज यूद्धमा वीर वीरङ्‌गनाहरूको योगदान
9SS07.06	नेपाल अङ्‌ग्रेज यूद्ध र नेपाली वीरताको गाथा
9SS07.07	राणा शासनको उदय र पतनका कारणहरू
9SS07.08	राणा शासनका प्रभावहरू
9SS07.09	औद्योगिक क्रान्ति र प्रभाव
9SS07.10	लक्की नानीको वंशावली
9SS07.11	हाम्रा पुर्वज : वर्तमानका मार्ग दर्शक
9SS08.00	आर्थिक क्रियाकलाप
9SS08.01	कृषि
9SS08.02	आधूनिक कृषि प्रणाल
9SS08.03	कृषिको व्यवसायीकरणा
9SS08.04	उद्योग
9SS08.05	मझौला तथा ठूला उद्योग
9SS08.06	व्यापार
9SS08.07	नेपालमा वैदेशिक व्यापारको ढाँचा
9SS08.08	नेपालमा व्यापार विविधीकरण
9SS08.09	व्यापार प्रवर्धन र बजारीकरण
9SS08.10	कृषि, उद्‌योग र व्यापारमा आपसी सम्बन्ध
9SS08.11	आर्थिक योजना
9SS08.12	गरिबी निवारण र रोजगार प्रवर्धनमा आर्थिक योजनाको योगदान
9SS08.13	उद्यमशीलता
9SS08.14	कामको सिर्जना र व्यवस्थापन
9SS08.15	श्रम
9SS09.00	हाम्रो अन्तर्राष्‍ट्रिय सम्बन्ध र सहयोग
9SS09.01	नेपालका दातृ राष्‍ट्र तथा संस्थाहरू
9SS09.02	संयूक्त राष्‍ट्र सङ्‌घमा नेपाल
9SS09.03	अन्तर्राष्‍ट्रिय शान्ति स्थापनामा नेपालको योगदान
9SS09.04	कूटनीतिक नियोग
9SS09.05	समसामयिक घटना
10SS01.00	हामी र हाम्रो समाज
10SS01.01	मानव संसाधन विकास
10SS01.02	मानव विकास सुचकाङ्‌क र नेपाल
10SS01.03	क्षेत्रीय विकासको अवधारणा र सङ्‌घीयता
10SS01.04	नेपालका प्रदेशहरू
10SS02.00	विकास र विकासका पुर्वाधारहरू
10SS02.01	दिगो विकास
10SS02.02	नेपालमा सञ्‍चालित विकास आयोजनाहरू
10SS02.03	विकासका पुर्वाधार : दक्ष जनशक्ति र रोजगार
10SS02.04	समकालीन विकास लक्ष्य र नेपाल
10SS02.05	स्थानीय तहमा विकास प्रस्ताव तर्जूमा
10SS03.00	हाम्रा सामाजिक मुल्य मान्यता
10SS03.01	हाम्रा राष्‍ट्रिय सम्पदा
10SS03.02	नेपालका लोकगीत
10SS03.03	नेपाली लोकबाजा
10SS03.04	हाम्रा लोक तथा शास्‍‌त्रीय नृत्य
10SS03.05	हाम्रा राष्‍ट्रिय दिवसहरू
10SS03.06	अन्तर्राष्‍ट्रिय व्यक्तित्व
10SS03.07	विश्‍वबन्धूत्व
10SS03.08	ज्येष्‍ठ नागरिकप्रतिको दायित्त्व
10SS04.00	सामाजिक समस्या र समाधान
10SS04.01	सामाजिक समस्याका रूपमा मानव बेचबिखन
10SS04.02	घरेलू हिंसा र छुवाछुत
10SS04.03	केही गलत प्रथाहरू
10SS04.04	सामाजिक समस्या समाधानमा अन्तर्राष्‍ट्रिय संस्थाहरूले खेलेको भुमिका
10SS04.05	अन्य केही अन्तर्राष्‍ट्रिय संस्थाहरू
10SS04.06	सामाजिक समस्याको पहिचान र समस्या समाधानको सिप
10SS05.00	नागरिक चेतना
10SS05.01	व्यवस्थापिका
10SS05.02	कार्य पालिका
10SS05.03	न्याय पालिका
10SS05.04	संवैधानिक निकाय
10SS05.05	अन्य संवैधानिक आयोगहरू
10SS05.06	राजनीतिक दलहरू
10SS05.07	निर्वाचन प्रक्रिया
10SS05.08	निर्वाचनमा नागरिकको भुमिका
10SS05.09	मानव अधिकार र राष्‍ट्रिय तथा अन्तर्राष्‍ट्रिय निकायहरू
10SS05.10	महिला र आदिवासी तथा जनजाति सम्बन्धी अधिकार
10SS05.11	नागरिक पहिचान र नागरिकता
10SS06.00	हाम्रो पृथ्वी
10SS06.01	विश्‍वका हावापानीका प्रकार र यसमा प्रभाव पार्ने तत्वहरू
10SS06.02	उष्ण प्रदेश
10SS06.03	उष्ण प्रादेशिक जनजीवन
10SS06.04	समशीतोष्ण प्रदेश
10SS06.05	समशीतोष्ण प्रादेशिक जनजीवन
10SS06.06	शीत प्रदेश
10SS06.07	शीत प्रदेशका गतिविधिहरू
10SS06.08	विश्‍वमा वनस्पति र जीवजन्तूहरू
10SS06.09	हावापानी र धरातलीय विविधताबाट विश्‍वको जन जीवनमा पर्ने प्रभाव
10SS06.10	उत्तर अमेरिका
10SS06.11	उत्तर अमेरिकाको सामाजिक र आर्थिक क्रियाकलाप
10SS06.12	दक्षिण अमेरिका
10SS06.13	दक्षिण अमेरिका महादेशको सामाजिक तथा आर्थिक क्रियाकलाप
10SS06.14	अफ्रिका
10SS06.15	अफ्रिका महादेशको सामाजिक र आर्थिक क्रियाकलाप
10SS06.16	उत्तर अमेरिका, दक्षिण अमेरिका तथा अफ्रिका र नेपाल
10SS06.17	प्राकृतिक प्रकोप : भुकम्प र सूनामी
10SS06.18	नक्सा उतार्ने विभिन्‍न तरिका र आधूनिक व्यावहारिक नक्सा प्रविधिहरू
10SS06.19	नक्सा काय
10SS07.00	हाम्रो विगत
10SS07.01	२००७ सालको क्रान्ति र दिल्ली सम्भौता
10SS07.02	प्रजातान्त्रिक राजनीतिको एक दशक (२००७-२०१७)
10SS07.03	प्रजातन्‍‌त्र को अपहरण र राजनीतिक दलहरूमाथि प्रतिबन्ध
10SS07.04	वि.सं. २०१७ देखि वि.सं. २०४६ सम्मका राजनीतिक घटनाहरू
10SS07.05	पञ्‍चायती व्यवस्थाको उदय र अन्त्यका कारणहरू
10SS07.06	वि.सं. २०४६ देखि २०६२ सम्मको राजनीतिक घटना क्रम
10SS07.07	वि.सं. २०६२/०६३ देखि हालसम्मका राजनीतिक घटना क्रम
10SS07.08	दोस्रो जन आन्दोलनपछि परेको आर्थिक तथा सामाजिक प्रभाव
10SS07.09	प्रथम विश्‍वयूद्धका कारणहरू
10SS07.10	प्रथम विश्‍वयूद्धका परिणामहरू
10SS07.11	दोस्रो विश्‍वयूद्ध र यसका कारणहरू
10SS07.12	द्वितीय विश्‍वयूद्धका परिणामहरू र नेपालको भुमिका
10SS07.13	ऐतिहासिक स्थल एवम्‌ स्मारकहरूको खोजी, पहिचान, संरक्षण र संवर्धन
10SS08.00	आर्थिक क्रियाकलाप
10SS08.01	चालू योजना
10SS08.02	पर्यटन उद्योग, महत्त्व र सम्भावना
10SS08.03	ऊर्जाको महत्त्वपुर्ण स्रोत जलस्रोत
10SS08.04	नेपालमा वैदशिक रोजगारी
10SS08.05	सहकारी र यसको आर्थिक महत्त्व
10SS08.06	वित्तीय शिक्षा
10SS08.07	वित्तीय उपकरणहरू
10SS08.08	बिमा
10SS08.09	राजस्व र कर असूली
10SS08.10	उपभोक्ता अधिकार
10SS09.00	हाम्रो अन्तर्राष्‍ट्रिय सम्बन्ध र सहयोग
10SS09.01	संयूक्त राष्‍ट्र सङ्‌घ र अङ्‌गहरू
10SS09.02	संयूक्त राष्‍ट्र सङ्‌घका विशिष्‍टीकृत संस्थाहरू
10SS09.03	संयूक्त राष्‍ट्र सङ्‌घमा नेपालको भुमिका
10SS09.04	नेपालमा संयूक्त राष्‍ट्र सङ्‌घका गतिविधिहरू
10SS09.05	समसामयिक घटना र तिनको प्रभाव
10SS09.06	विश्‍वव्यापीकरण र स्थानीयकरण
11SS01.00	सामाजिक तथा जीवनोपयोगी शिक्षाको अवधारणा
11SS01.01	सामाजिक अध्ययन तथा जीवनोपयोगी शिक्षा
11SS01.02	सामाजिक अध्ययन, सामाजिक शिक्षा र सामाजिक विज्ञानको अन्तरसम्बन्ध
11SS01.03	सामाजिक अध्ययनका सिप र जीवनोपयोगी सिपको अवधारणा
11SS02.00	जीवनोपयोगी सिपका रूपमा डिजिटल सिपहरू तथा सामान्य अनुसन्धान सिपहरू
11SS02.01	डिजिटल साक्षरता
11SS02.02	सञ्‍चार एप्लिकेसनहरूको प्रयोग
11SS02.03	अनलाइन भुक्तानी
11SS02.04	इन्टरनेटबाट सूचना तथा अध्ययन सामग्रीको खोजी र प्रयोग
11SS02.05	इन्टरनेट र सामाजिक सञ्‍जालको उत्तरदायी प्रयो
11SS03.00	जीवनोपयोगी सिप
11SS03.01	निर्णय प्रक्रिया
11SS03.02	समस्या समाधान
11SS03.03	सञ्‍चार
11SS03.04	तनाव व्यवस्थापन
11SS03.05	अन्तरवैयक्तिक सिपहरू
11SS04.00	मानव तथा समाजको उद्‌भव र विकास
11SS04.01	मानवको जैविकीय उत्पत्ति र विकासक्रम
11SS04.02	मानव समाजको विकासक्रम
11SS04.03	कृषि युगको सुरुआत र विकास
11SS04.04	पुँजीवादी युग र औद्योगिक विश्‍व
11SS04.05	वर्तमान विश्‍व परिवेश र सामाजिक व्यवहार
11SS05.00	भूगोल र सामाजिक सम्बन्ध
11SS05.01	विश्‍वमा नेपाल
11SS05.02	मानव र वातावरण
11SS05.03	विश्‍वका भौगोलिक विविधता र जनजीवन
11SS05.04	नेपालका पर्यावरणीय क्षेत्रहरू
11SS06.00	विश्‍वको इतिहास
11SS06.01	विश्‍व इतिहासको लेखन र मूल प्रवृत्ति
11SS06.02	मध्यकालीन एसियाको आर्थिक उदय र सङ्कुचन
11SS06.03	औद्योगिक क्रान्ति
11SS06.04	लोकतन्‍‌त्र
11SS07.00	सामाजिक पहिचान, विविधता र वर्ग विभाजन
11SS07.01	नेपालमा जातप्रथा
11SS07.02	दलित सवाल
11SS07.03	जाति, जनजाति
11SS07.04	बहुसांस्कृतिकता र सामाजिक एकता
11SS08.00	संविधान र नागरिक सचेतना
11SS08.01	नेपालको संविधान विगत र वर्तमान
11SS08.02	वर्तमान संविधानको राजनीतिक, कानुनी, आर्थिक र सांस्कृतिक विशेषता
11SS08.03	आर्थिक र सांस्कृतिक विशेषता
11SS08.04	राष्‍ट्र, राष्‍ट्रियता र राष्‍ट्रिय सुरक्षा
11SS09.00	बस्ती, जनसङ्ख्या र विकास
11SS09.01	मानव बस्ती
11SS09.02	बस्ती विकास
11SS09.03	जनसङ्ख्या र विकास
11SS09.04	उमेर संरचनाको सङ्क्रमण र जनसाङ्ख्यिक लाभांशको उपयोग
11SS09.05	जनसङ्ख्या व्यवस्थापन
11SS10.00	अर्थतन्‍‌त्र र विकास
11SS10.01	नेपालको अर्थतन्‍‌त्रका आधार र विशेषताहरू
11SS10.02	सार्वजनिक, निजी तथा सहकारी क्षेत्र
11SS10.03	विप्रेषण र नेपाली अर्थतन्‍‌त्र
11SS10.04	स्थानीय, औपचारिक र अनौपचारिक कारोबार
11SS10.05	कृषि, उद्योग र निर्माण
11SS10.06	नेपालमा श्रमशक्ति, रोजगारी र उद्यमशीलता
11SS10.07	सरकारी वित्त
11SS11.00	स्वास्थ्य सेवा र सामाजिक विकास
11SS11.01	नेपालमा स्वास्थ्य सेवा
11SS11.02	आधुनिक र परम्परागत स्वास्थ्य सेवा पद्धति
11SS11.03	स्वस्थ जीवनशैली र सामाजिक जीवन
11SS11.04	किशोरावस्था र स्वास्थ्य जीवनशैली
11SS11.05	योग तथा ध्यान
11SS11.06	स्वस्थ जीवनशैली र हाम्रो दैनिकी
11SS11.07	मितव्ययी जीवनशैली र आर्थिक व्यावस्थापन
6SSa01.00	चारित्रिक विकास
6SSa01.01	असल मानिस
6SSa01.02	असल चरित्र निर्माण गरौ
6SSa01.03	सत्कर्मको फल
6SSa02.00	मानवीय मूल्य मान्यता
6SSa02.01	मानव मूल्य
6SSa02.02	पारिवारिक मूल्य
6SSa02.03	हिमालको सङ्‌कल्प
6SSa02.04	मानव र जीवजन्तु
6SSa03.00	नागरिक कर्तव्य र दायित्व
6SSa03.01	नागरिक कर्तव्य र अधिकार
6SSa03.02	हाम्रो साझा सम्पत्ति
6SSa03.03	विद्‌यालयप्रतिको हाम्रो दायित्व
6SSa04.00	सामूहिक जीवन पद्‌धति र विविधता
6SSa04.01	सामूहिक जीवन
6SSa04.02	अरूको सम्मान
6SSa04.03	पारिवारिक असल सिकाइ
6SSa04.04	नैतिकवान्‌ बन्ने तरिका
6SSa05.00	अनुशासन तथा सकारात्मक सोच
6SSa05.01	अनुशासित जीवन
6SSa05.02	स्वावलम्बी व्यवहार
6SSa05.03	आदर्श सोचाइ र व्यवहार
7SSa01.00	चारित्रिक विकास
7SSa01.01	देवीरामले देखाएको बाटो
7SSa01.02	धर्मको साझा सार
7SSa01.03	सबै मिलौ
7SSa02.00	मानवीय मूल्य मान्यता
7SSa02.01	सहयोगी भावना
7SSa02.02	काम थरी थरीका
7SSa02.03	इमानदारी
7SSa03.00	नागरिक कर्तव्य र दायित्व
7SSa03.01	हाम्रो अधिकार
7SSa03.02	नैतिक दायित्व
7SSa03.03	बूबाको अर्ती
7SSa04.00	सामूहिक जीवन पद्‌धति र विविधता
7SSa04.01	शिक्षाको महत्त्व
7SSa04.02	नैतिक अभ्यास
7SSa04.03	सबैको सम्मान आफ्नै सम्मान
7SSa05.00	अनुशासन तथा सकारात्मक चिन्तन
7SSa05.01	म असल बन्‍छु
7SSa05.02	अनुशासनका फाइदा
7SSa05.03	काम अनुसारको फल
8SSa01.00	चारित्रिक विकास
8SSa01.01	गाउँको सान आइतमान
8SSa01.02	असल उदाहरण बनौँ
8SSa01.03	राम्रो सोच, सिक र गर
8SSa02.00	मानवीय मूल्य मान्यता
8SSa02.01	मनका असल साथी
8SSa02.02	मेरो वास्तविक पहिचान
8SSa02.03	सबैतिर आफन्त
8SSa03.00	नागरिक कर्तव्य र दायित्व
8SSa03.01	नागरिक कर्तव्य
8SSa03.02	मैले गर्ने काम
8SSa03.03	समाज सेवी मिस्रीलाल
8SSa04.00	सामूहिक जीवन पद्‌धति र विविधता
8SSa04.01	शान्ति र मित्रता
8SSa04.02	मेरो वास्तविक पहिचान
8SSa04.03	पाँच भाइको कथा
8SSa05.00	अनुशासन तथा सकारात्मक चिन्तन
8SSa05.01	पश्चात्ताप
8SSa05.02	भित्री आखाँ
8SSa05.03	अतिले खति
1SF01.00	म र मेरो परिवार
1SF01.01	हाम्रो परिचय
1SF01.02	हाम्रो पहिरन
1SF01.03	हाम्रो खानेकुरा
1SF01.04	हाम्रो खेलौना
1SF01.05	हाम्रो परिवार
1SF01.06	हाम्रो काम
1SF01.07	हाम्रो सामान
1SF02.00	हाम्रो दैनिकी
1SF02.01	हाम्रो शरीर
1SF02.02	योग
1SF02.03	हाम्रो बानी
1SF02.04	विद्युत्
1SF02.05	आवाज
1SF02.06	उज्यालो
1SF02.07	शारीरिक क्रियाकलाप र खेल
1SF03.00	हाम्रो समुदाय
1SF03.01	मेलमिलाप
1SF03.02	नियमको पालना
1SF03.03	सन्चो बिसन्चो
1SF03.04	जनावर
1SF03.05	छपाइ
1SF03.06	खेल
1SF03.07	अभिनय गरौँ
1SF04.00	हाम्रो विद्यालय
1SF04.01	विद्यालयको चिनारी
1SF04.02	शारीरिक कसरत
1SF04.03	हाम्रो सुरक्षा
1SF04.04	प्रकोपबाट बचौँ
1SF04.05	बोटबिरुवाको हेरचाह
1SF04.06	हाम्रो कक्षाकोठा
1SF05.00	हाम्रा वरपरका जीवजन्तु
1SF05.01	सजीव र निर्जीव
1SF05.02	बिरुवा
1SF05.03	बिरुवाका भाग
1SF06.00	हाम्रो वातावरण
1SF06.01	सरसफाइ
1SF06.02	हाम्रा वरपरका वस्तु
1SF06.03	वस्तुका गुण
1SF07.00	हाम्रो सिर्जना
1SF07.01	रेखाचित्र
1SF07.02	हाम्रो घर
1SF07.03	माटाबाट सामान बनाऔँ
1SF07.04	खेल खेलौँ
1SF07.05	गाऔँ, बजाऔँ र नाचौँ
1SF08.00	हाम्रा संस्कृति
1SF08.01	हाम्रा चाडपर्व
1SF08.02	हाम्रो संस्कार
1SF09.00	सञ्‍चार प्रविधि र बजार
1SF09.01	कुराकानी र जानकारी
1SF09.02	यातायातका साधन
1SF09.03	बजार
1SF10.00	हाम्रो वरपरको संसार
1SF10.01	मौसम
1SF10.02	मौसमअनुसारका पहिरन
1SF10.03	जमिन
1SF10.04	पानी
1SF10.05	हावा
2SF01.00	म र मेरो परिवार
2SF01.01	मेरो परिवार
2SF01.02	छरछिमेक
2SF01.03	सहयोग र हेरचाह
2SF01.04	हाम्रो खानेकुरा
2SF01.05	हामी खेल्छौँ
2SF01.06	हाम्रा उपकरण
2SF02.00	मेरो दैनिक जीवन
2SF02.01	व्यक्तिगत सरसफाइ
2SF02.02	पिउने पानी
2SF02.03	विद्युत् र चुम्बक
2SF02.04	ध्वनि
2SF02.05	ताप र प्रकाश
2SF03.00	हाम्रो समुदाय
2SF03.01	सहयोग
2SF03.02	राम्रो बानी
2SF03.03	रोगबाट बचौँ
2SF03.04	खेल्दै रमाऔँ
2SF03.05	जनावर, बिरुवा र हामी
2SF04.00	मेरो विद्यालय
2SF04.01	मेरो कक्षाकोठा
2SF04.02	कसरत र व्यायाम
2SF04.03	हाम्रो सुरक्षा
2SF04.04	बगैँचा
2SF04.05	प्रकोप
2SF05.00	हाम्रो वरपरका सजीवहरू
2SF05.01	जनावरको चाल
2SF05.02	बिरुवा
2SF05.03	विभिन्‍न प्रकारका बिरुवाहरू
2SF06.00	हाम्रो वातावरण
2SF06.01	हाम्रो वरपरको सरसफाइ
2SF06.02	सार्वजनिक सम्पत्ति
2SF06.03	हावा, पानी र माटाको उपयोगिता
2SF06.04	वस्तुका गुणहरू
2SF07.00	मेरो सिर्जना
2SF07.01	चित्र बनाऔँ
2SF07.02	छपाई कार्य
2SF07.03	माटाबाट वस्तुहरू बनाऔँ
2SF07.04	गीत गाऔँ
2SF07.05	नाचौँ
2SF08.00	हाम्रा संस्कृति
2SF08.01	हाम्रा चाडपर्व
2SF08.02	राष्‍ट्रिय चिह्‍नहरू
2SF09.00	सञ्‍चार प्रविधि र बजार
2SF09.01	सूचना र सञ्‍चार
2SF09.02	हाम्रा उत्पादन
2SF09.03	आम्दानी र खर्च
2SF10.00	हाम्रो वरपरको संसार
2SF10.01	मौसम
2SF10.02	जमिन
2SF10.03	हावा र पानी
3SF01.00	म र मेरो परिवार
3SF01.01	हाम्रो परिचय
3SF01.02	हाम्रा खानेकुरा
3SF01.03	खेल खेलौँ
3SF01.04	नाप्‍ने उपकरण
3SF02.00	मेरो दैनिक जीवन
3SF02.01	योगासन र कसरत
3SF02.02	राम्रो बानी
3SF02.03	स्वच्छ वातावरण
3SF02.04	विद्युत् र चुम्बक
3SF02.05	ध्वनि
3SF03.00	हाम्रा समुदाय
3SF03.01	हाम्रो गाउँघर
3SF03.02	असल नागरिक
3SF03.03	वरपरका जनावर
3SF03.04	बिरुवा, जनावर र मानिस
3SF03.05	स्वास्थ्य सेवा
3SF03.06	कुलतबाट बचौँ
3SF04.00	हाम्रो विद्यालय
3SF04.01	विद्यालयका क्रियाकलाप
3SF04.02	प्रकोपबाट सुरक्षित बनौँ
3SF04.03	हाम्रो सुरक्षा
3SF04.04	शारीरिक कसरत
3SF05.00	हाम्रो वरपरका सजीवहरू
3SF05.01	जनावर र बिरुवा
3SF05.02	बिरुवाका प्रकार
3SF05.03	जीव र वातावरण
3SF06.00	हाम्रो वातावरण
3SF06.01	वरपरको सफाइ
3SF06.02	हाम्रो प्राकृतिक सम्पदा
3SF06.03	वस्तुका गुणहरू
3SF07.00	मेरो सिर्जना
3SF07.01	माटाको काम
3SF07.02	कागजका सामान
3SF07.03	बाजा बजाऔँ र गीत गाऔँ
3SF07.04	नाच
3SF08.00	हाम्रो संस्कृति
3SF08.01	हाम्रा संस्कार
3SF08.02	हाम्रो राष्‍ट्रिय चिह्‍न
3SF09.00	सञ्‍चार प्रविधि र बजार
3SF09.01	सूचना र सञ्‍चार
3SF09.02	स्थानीय उत्पादन
3SF09.03	मितव्ययी बनौँ
3SF10.00	हाम्रो वरपरको संसार
3SF10.01	मौसम
3SF10.02	जमिन
3SF10.03	हाम्रो पृथ्वी
3SF10.04	हावा र पानी
